"regiao"	"codigo_uf"	"uf"	"codigo_ibge"	"municipio"	"total"	"porcentagem"	"avaliados"	"abrangencia"	"ano"	"mes"	"faixa_etaria"	"sexo"	"raca_cor"	"povo_comunidade"	"escolaridade"	"povo"
"NORDESTE"	23	"CE"	230015	"ACARAPE"	0	NA	0	"Região (NORDESTE) - Estado (TODOS) - Município (TODOS)"	"2015"	"TODOS"	"Idosos"	"TODOS"	"TODOS"	"TODOS"	"TODOS"	"TODOS"
"NORDESTE"	23	"CE"	230020	"ACARAU"	0	NA	0	"Região (NORDESTE) - Estado (TODOS) - Município (TODOS)"	"2015"	"TODOS"	"Idosos"	"TODOS"	"TODOS"	"TODOS"	"TODOS"	"TODOS"
"NORDESTE"	23	"CE"	230030	"ACOPIARA"	0	NA	0	"Região (NORDESTE) - Estado (TODOS) - Município (TODOS)"	"2015"	"TODOS"	"Idosos"	"TODOS"	"TODOS"	"TODOS"	"TODOS"	"TODOS"
"NORDESTE"	23	"CE"	230040	"AIUABA"	0	NA	0	"Região (NORDESTE) - Estado (TODOS) - Município (TODOS)"	"2015"	"TODOS"	"Idosos"	"TODOS"	"TODOS"	"TODOS"	"TODOS"	"TODOS"
"NORDESTE"	23	"CE"	230050	"ALCANTARAS"	0	NA	0	"Região (NORDESTE) - Estado (TODOS) - Município (TODOS)"	"2015"	"TODOS"	"Idosos"	"TODOS"	"TODOS"	"TODOS"	"TODOS"	"TODOS"
"NORDESTE"	23	"CE"	230060	"ALTANEIRA"	1	100	1	"Região (NORDESTE) - Estado (TODOS) - Município (TODOS)"	"2015"	"TODOS"	"Idosos"	"TODOS"	"TODOS"	"TODOS"	"TODOS"	"TODOS"
"NORDESTE"	23	"CE"	230070	"ALTO SANTO"	0	NA	0	"Região (NORDESTE) - Estado (TODOS) - Município (TODOS)"	"2015"	"TODOS"	"Idosos"	"TODOS"	"TODOS"	"TODOS"	"TODOS"	"TODOS"
"NORDESTE"	23	"CE"	230075	"AMONTADA"	0	NA	0	"Região (NORDESTE) - Estado (TODOS) - Município (TODOS)"	"2015"	"TODOS"	"Idosos"	"TODOS"	"TODOS"	"TODOS"	"TODOS"	"TODOS"
"NORDESTE"	23	"CE"	230080	"ANTONINA DO NORTE"	0	NA	0	"Região (NORDESTE) - Estado (TODOS) - Município (TODOS)"	"2015"	"TODOS"	"Idosos"	"TODOS"	"TODOS"	"TODOS"	"TODOS"	"TODOS"
"NORDESTE"	23	"CE"	230090	"APUIARES"	0	NA	0	"Região (NORDESTE) - Estado (TODOS) - Município (TODOS)"	"2015"	"TODOS"	"Idosos"	"TODOS"	"TODOS"	"TODOS"	"TODOS"	"TODOS"
"NORDESTE"	23	"CE"	230100	"AQUIRAZ"	0	NA	0	"Região (NORDESTE) - Estado (TODOS) - Município (TODOS)"	"2015"	"TODOS"	"Idosos"	"TODOS"	"TODOS"	"TODOS"	"TODOS"	"TODOS"
"NORDESTE"	23	"CE"	230110	"ARACATI"	0	NA	0	"Região (NORDESTE) - Estado (TODOS) - Município (TODOS)"	"2015"	"TODOS"	"Idosos"	"TODOS"	"TODOS"	"TODOS"	"TODOS"	"TODOS"
"NORDESTE"	23	"CE"	230120	"ARACOIABA"	0	NA	0	"Região (NORDESTE) - Estado (TODOS) - Município (TODOS)"	"2015"	"TODOS"	"Idosos"	"TODOS"	"TODOS"	"TODOS"	"TODOS"	"TODOS"
"NORDESTE"	23	"CE"	230125	"ARARENDA"	0	NA	0	"Região (NORDESTE) - Estado (TODOS) - Município (TODOS)"	"2015"	"TODOS"	"Idosos"	"TODOS"	"TODOS"	"TODOS"	"TODOS"	"TODOS"
"NORDESTE"	23	"CE"	230130	"ARARIPE"	0	NA	0	"Região (NORDESTE) - Estado (TODOS) - Município (TODOS)"	"2015"	"TODOS"	"Idosos"	"TODOS"	"TODOS"	"TODOS"	"TODOS"	"TODOS"
"NORDESTE"	23	"CE"	230140	"ARATUBA"	0	NA	0	"Região (NORDESTE) - Estado (TODOS) - Município (TODOS)"	"2015"	"TODOS"	"Idosos"	"TODOS"	"TODOS"	"TODOS"	"TODOS"	"TODOS"
"NORDESTE"	23	"CE"	230160	"ASSARE"	0	NA	0	"Região (NORDESTE) - Estado (TODOS) - Município (TODOS)"	"2015"	"TODOS"	"Idosos"	"TODOS"	"TODOS"	"TODOS"	"TODOS"	"TODOS"
"NORDESTE"	23	"CE"	230170	"AURORA"	0	NA	0	"Região (NORDESTE) - Estado (TODOS) - Município (TODOS)"	"2015"	"TODOS"	"Idosos"	"TODOS"	"TODOS"	"TODOS"	"TODOS"	"TODOS"
"NORDESTE"	23	"CE"	230180	"BAIXIO"	0	NA	0	"Região (NORDESTE) - Estado (TODOS) - Município (TODOS)"	"2015"	"TODOS"	"Idosos"	"TODOS"	"TODOS"	"TODOS"	"TODOS"	"TODOS"
"NORDESTE"	23	"CE"	230185	"BANABUIU"	0	NA	0	"Região (NORDESTE) - Estado (TODOS) - Município (TODOS)"	"2015"	"TODOS"	"Idosos"	"TODOS"	"TODOS"	"TODOS"	"TODOS"	"TODOS"
"NORDESTE"	23	"CE"	230190	"BARBALHA"	0	NA	0	"Região (NORDESTE) - Estado (TODOS) - Município (TODOS)"	"2015"	"TODOS"	"Idosos"	"TODOS"	"TODOS"	"TODOS"	"TODOS"	"TODOS"
"NORDESTE"	23	"CE"	230200	"BARRO"	0	NA	0	"Região (NORDESTE) - Estado (TODOS) - Município (TODOS)"	"2015"	"TODOS"	"Idosos"	"TODOS"	"TODOS"	"TODOS"	"TODOS"	"TODOS"
"NORDESTE"	23	"CE"	230205	"BARROQUINHA"	0	NA	0	"Região (NORDESTE) - Estado (TODOS) - Município (TODOS)"	"2015"	"TODOS"	"Idosos"	"TODOS"	"TODOS"	"TODOS"	"TODOS"	"TODOS"
"NORDESTE"	23	"CE"	230210	"BATURITE"	0	NA	0	"Região (NORDESTE) - Estado (TODOS) - Município (TODOS)"	"2015"	"TODOS"	"Idosos"	"TODOS"	"TODOS"	"TODOS"	"TODOS"	"TODOS"
"NORDESTE"	23	"CE"	230220	"BEBERIBE"	0	NA	0	"Região (NORDESTE) - Estado (TODOS) - Município (TODOS)"	"2015"	"TODOS"	"Idosos"	"TODOS"	"TODOS"	"TODOS"	"TODOS"	"TODOS"
"NORDESTE"	23	"CE"	230230	"BELA CRUZ"	0	NA	0	"Região (NORDESTE) - Estado (TODOS) - Município (TODOS)"	"2015"	"TODOS"	"Idosos"	"TODOS"	"TODOS"	"TODOS"	"TODOS"	"TODOS"
"NORDESTE"	23	"CE"	230240	"BOA VIAGEM"	0	NA	0	"Região (NORDESTE) - Estado (TODOS) - Município (TODOS)"	"2015"	"TODOS"	"Idosos"	"TODOS"	"TODOS"	"TODOS"	"TODOS"	"TODOS"
"NORDESTE"	23	"CE"	230250	"BREJO SANTO"	0	NA	0	"Região (NORDESTE) - Estado (TODOS) - Município (TODOS)"	"2015"	"TODOS"	"Idosos"	"TODOS"	"TODOS"	"TODOS"	"TODOS"	"TODOS"
"NORDESTE"	23	"CE"	230260	"CAMOCIM"	0	NA	0	"Região (NORDESTE) - Estado (TODOS) - Município (TODOS)"	"2015"	"TODOS"	"Idosos"	"TODOS"	"TODOS"	"TODOS"	"TODOS"	"TODOS"
"NORDESTE"	23	"CE"	230270	"CAMPOS SALES"	0	NA	0	"Região (NORDESTE) - Estado (TODOS) - Município (TODOS)"	"2015"	"TODOS"	"Idosos"	"TODOS"	"TODOS"	"TODOS"	"TODOS"	"TODOS"
"NORDESTE"	23	"CE"	230280	"CANINDE"	2	100	2	"Região (NORDESTE) - Estado (TODOS) - Município (TODOS)"	"2015"	"TODOS"	"Idosos"	"TODOS"	"TODOS"	"TODOS"	"TODOS"	"TODOS"
"NORDESTE"	23	"CE"	230290	"CAPISTRANO"	0	NA	0	"Região (NORDESTE) - Estado (TODOS) - Município (TODOS)"	"2015"	"TODOS"	"Idosos"	"TODOS"	"TODOS"	"TODOS"	"TODOS"	"TODOS"
"NORDESTE"	23	"CE"	230300	"CARIDADE"	0	NA	0	"Região (NORDESTE) - Estado (TODOS) - Município (TODOS)"	"2015"	"TODOS"	"Idosos"	"TODOS"	"TODOS"	"TODOS"	"TODOS"	"TODOS"
"NORDESTE"	23	"CE"	230310	"CARIRE"	0	NA	0	"Região (NORDESTE) - Estado (TODOS) - Município (TODOS)"	"2015"	"TODOS"	"Idosos"	"TODOS"	"TODOS"	"TODOS"	"TODOS"	"TODOS"
"NORDESTE"	23	"CE"	230320	"CARIRIACU"	0	NA	0	"Região (NORDESTE) - Estado (TODOS) - Município (TODOS)"	"2015"	"TODOS"	"Idosos"	"TODOS"	"TODOS"	"TODOS"	"TODOS"	"TODOS"
"NORDESTE"	23	"CE"	230330	"CARIUS"	1	100	1	"Região (NORDESTE) - Estado (TODOS) - Município (TODOS)"	"2015"	"TODOS"	"Idosos"	"TODOS"	"TODOS"	"TODOS"	"TODOS"	"TODOS"
"NORDESTE"	23	"CE"	230340	"CARNAUBAL"	6	100	6	"Região (NORDESTE) - Estado (TODOS) - Município (TODOS)"	"2015"	"TODOS"	"Idosos"	"TODOS"	"TODOS"	"TODOS"	"TODOS"	"TODOS"
"NORDESTE"	23	"CE"	230350	"CASCAVEL"	0	NA	0	"Região (NORDESTE) - Estado (TODOS) - Município (TODOS)"	"2015"	"TODOS"	"Idosos"	"TODOS"	"TODOS"	"TODOS"	"TODOS"	"TODOS"
"NORDESTE"	23	"CE"	230360	"CATARINA"	0	NA	0	"Região (NORDESTE) - Estado (TODOS) - Município (TODOS)"	"2015"	"TODOS"	"Idosos"	"TODOS"	"TODOS"	"TODOS"	"TODOS"	"TODOS"
"NORDESTE"	23	"CE"	230365	"CATUNDA"	0	NA	0	"Região (NORDESTE) - Estado (TODOS) - Município (TODOS)"	"2015"	"TODOS"	"Idosos"	"TODOS"	"TODOS"	"TODOS"	"TODOS"	"TODOS"
"NORDESTE"	23	"CE"	230370	"CAUCAIA"	1	100	1	"Região (NORDESTE) - Estado (TODOS) - Município (TODOS)"	"2015"	"TODOS"	"Idosos"	"TODOS"	"TODOS"	"TODOS"	"TODOS"	"TODOS"
"NORDESTE"	23	"CE"	230380	"CEDRO"	0	NA	0	"Região (NORDESTE) - Estado (TODOS) - Município (TODOS)"	"2015"	"TODOS"	"Idosos"	"TODOS"	"TODOS"	"TODOS"	"TODOS"	"TODOS"
"NORDESTE"	23	"CE"	230390	"CHAVAL"	0	NA	0	"Região (NORDESTE) - Estado (TODOS) - Município (TODOS)"	"2015"	"TODOS"	"Idosos"	"TODOS"	"TODOS"	"TODOS"	"TODOS"	"TODOS"
"NORDESTE"	23	"CE"	230393	"CHORO"	0	NA	0	"Região (NORDESTE) - Estado (TODOS) - Município (TODOS)"	"2015"	"TODOS"	"Idosos"	"TODOS"	"TODOS"	"TODOS"	"TODOS"	"TODOS"
"NORDESTE"	23	"CE"	230395	"CHOROZINHO"	0	NA	0	"Região (NORDESTE) - Estado (TODOS) - Município (TODOS)"	"2015"	"TODOS"	"Idosos"	"TODOS"	"TODOS"	"TODOS"	"TODOS"	"TODOS"
"NORDESTE"	23	"CE"	230400	"COREAU"	0	NA	0	"Região (NORDESTE) - Estado (TODOS) - Município (TODOS)"	"2015"	"TODOS"	"Idosos"	"TODOS"	"TODOS"	"TODOS"	"TODOS"	"TODOS"
"NORDESTE"	23	"CE"	230410	"CRATEUS"	0	NA	0	"Região (NORDESTE) - Estado (TODOS) - Município (TODOS)"	"2015"	"TODOS"	"Idosos"	"TODOS"	"TODOS"	"TODOS"	"TODOS"	"TODOS"
"NORDESTE"	23	"CE"	230420	"CRATO"	1	100	1	"Região (NORDESTE) - Estado (TODOS) - Município (TODOS)"	"2015"	"TODOS"	"Idosos"	"TODOS"	"TODOS"	"TODOS"	"TODOS"	"TODOS"
"NORDESTE"	23	"CE"	230423	"CROATA"	0	NA	0	"Região (NORDESTE) - Estado (TODOS) - Município (TODOS)"	"2015"	"TODOS"	"Idosos"	"TODOS"	"TODOS"	"TODOS"	"TODOS"	"TODOS"
"NORDESTE"	23	"CE"	230425	"CRUZ"	0	NA	0	"Região (NORDESTE) - Estado (TODOS) - Município (TODOS)"	"2015"	"TODOS"	"Idosos"	"TODOS"	"TODOS"	"TODOS"	"TODOS"	"TODOS"
"NORDESTE"	23	"CE"	230426	"DEPUTADO IRAPUAN PINHEIRO"	0	NA	0	"Região (NORDESTE) - Estado (TODOS) - Município (TODOS)"	"2015"	"TODOS"	"Idosos"	"TODOS"	"TODOS"	"TODOS"	"TODOS"	"TODOS"
"NORDESTE"	23	"CE"	230427	"ERERE"	0	NA	0	"Região (NORDESTE) - Estado (TODOS) - Município (TODOS)"	"2015"	"TODOS"	"Idosos"	"TODOS"	"TODOS"	"TODOS"	"TODOS"	"TODOS"
"NORDESTE"	23	"CE"	230428	"EUSEBIO"	1	100	1	"Região (NORDESTE) - Estado (TODOS) - Município (TODOS)"	"2015"	"TODOS"	"Idosos"	"TODOS"	"TODOS"	"TODOS"	"TODOS"	"TODOS"
"NORDESTE"	23	"CE"	230430	"FARIAS BRITO"	28	96.55	29	"Região (NORDESTE) - Estado (TODOS) - Município (TODOS)"	"2015"	"TODOS"	"Idosos"	"TODOS"	"TODOS"	"TODOS"	"TODOS"	"TODOS"
"NORDESTE"	23	"CE"	230435	"FORQUILHA"	0	NA	0	"Região (NORDESTE) - Estado (TODOS) - Município (TODOS)"	"2015"	"TODOS"	"Idosos"	"TODOS"	"TODOS"	"TODOS"	"TODOS"	"TODOS"
"NORDESTE"	23	"CE"	230440	"FORTALEZA"	1	100	1	"Região (NORDESTE) - Estado (TODOS) - Município (TODOS)"	"2015"	"TODOS"	"Idosos"	"TODOS"	"TODOS"	"TODOS"	"TODOS"	"TODOS"
"NORDESTE"	23	"CE"	230445	"FORTIM"	0	NA	0	"Região (NORDESTE) - Estado (TODOS) - Município (TODOS)"	"2015"	"TODOS"	"Idosos"	"TODOS"	"TODOS"	"TODOS"	"TODOS"	"TODOS"
"NORDESTE"	23	"CE"	230450	"FRECHEIRINHA"	0	NA	0	"Região (NORDESTE) - Estado (TODOS) - Município (TODOS)"	"2015"	"TODOS"	"Idosos"	"TODOS"	"TODOS"	"TODOS"	"TODOS"	"TODOS"
"NORDESTE"	23	"CE"	230465	"GRACA"	0	NA	0	"Região (NORDESTE) - Estado (TODOS) - Município (TODOS)"	"2015"	"TODOS"	"Idosos"	"TODOS"	"TODOS"	"TODOS"	"TODOS"	"TODOS"
"NORDESTE"	23	"CE"	230470	"GRANJA"	1	100	1	"Região (NORDESTE) - Estado (TODOS) - Município (TODOS)"	"2015"	"TODOS"	"Idosos"	"TODOS"	"TODOS"	"TODOS"	"TODOS"	"TODOS"
"NORDESTE"	23	"CE"	230495	"GUAIUBA"	0	NA	0	"Região (NORDESTE) - Estado (TODOS) - Município (TODOS)"	"2015"	"TODOS"	"Idosos"	"TODOS"	"TODOS"	"TODOS"	"TODOS"	"TODOS"
"NORDESTE"	23	"CE"	230500	"GUARACIABA DO NORTE"	0	NA	0	"Região (NORDESTE) - Estado (TODOS) - Município (TODOS)"	"2015"	"TODOS"	"Idosos"	"TODOS"	"TODOS"	"TODOS"	"TODOS"	"TODOS"
"NORDESTE"	23	"CE"	230510	"GUARAMIRANGA"	0	NA	0	"Região (NORDESTE) - Estado (TODOS) - Município (TODOS)"	"2015"	"TODOS"	"Idosos"	"TODOS"	"TODOS"	"TODOS"	"TODOS"	"TODOS"
"NORDESTE"	23	"CE"	230520	"HIDROLANDIA"	0	NA	0	"Região (NORDESTE) - Estado (TODOS) - Município (TODOS)"	"2015"	"TODOS"	"Idosos"	"TODOS"	"TODOS"	"TODOS"	"TODOS"	"TODOS"
"NORDESTE"	23	"CE"	230523	"HORIZONTE"	0	NA	0	"Região (NORDESTE) - Estado (TODOS) - Município (TODOS)"	"2015"	"TODOS"	"Idosos"	"TODOS"	"TODOS"	"TODOS"	"TODOS"	"TODOS"
"NORDESTE"	23	"CE"	230530	"IBIAPINA"	7	100	7	"Região (NORDESTE) - Estado (TODOS) - Município (TODOS)"	"2015"	"TODOS"	"Idosos"	"TODOS"	"TODOS"	"TODOS"	"TODOS"	"TODOS"
"NORDESTE"	23	"CE"	230533	"IBICUITINGA"	0	NA	0	"Região (NORDESTE) - Estado (TODOS) - Município (TODOS)"	"2015"	"TODOS"	"Idosos"	"TODOS"	"TODOS"	"TODOS"	"TODOS"	"TODOS"
"NORDESTE"	23	"CE"	230535	"ICAPUI"	0	NA	0	"Região (NORDESTE) - Estado (TODOS) - Município (TODOS)"	"2015"	"TODOS"	"Idosos"	"TODOS"	"TODOS"	"TODOS"	"TODOS"	"TODOS"
"NORDESTE"	23	"CE"	230540	"ICO"	0	NA	0	"Região (NORDESTE) - Estado (TODOS) - Município (TODOS)"	"2015"	"TODOS"	"Idosos"	"TODOS"	"TODOS"	"TODOS"	"TODOS"	"TODOS"
"NORDESTE"	23	"CE"	230550	"IGUATU"	1	100	1	"Região (NORDESTE) - Estado (TODOS) - Município (TODOS)"	"2015"	"TODOS"	"Idosos"	"TODOS"	"TODOS"	"TODOS"	"TODOS"	"TODOS"
"NORDESTE"	23	"CE"	230560	"INDEPENDENCIA"	0	NA	0	"Região (NORDESTE) - Estado (TODOS) - Município (TODOS)"	"2015"	"TODOS"	"Idosos"	"TODOS"	"TODOS"	"TODOS"	"TODOS"	"TODOS"
"NORDESTE"	23	"CE"	230565	"IPAPORANGA"	0	NA	0	"Região (NORDESTE) - Estado (TODOS) - Município (TODOS)"	"2015"	"TODOS"	"Idosos"	"TODOS"	"TODOS"	"TODOS"	"TODOS"	"TODOS"
"NORDESTE"	23	"CE"	230580	"IPU"	0	NA	0	"Região (NORDESTE) - Estado (TODOS) - Município (TODOS)"	"2015"	"TODOS"	"Idosos"	"TODOS"	"TODOS"	"TODOS"	"TODOS"	"TODOS"
"NORDESTE"	23	"CE"	230590	"IPUEIRAS"	16	94.12	17	"Região (NORDESTE) - Estado (TODOS) - Município (TODOS)"	"2015"	"TODOS"	"Idosos"	"TODOS"	"TODOS"	"TODOS"	"TODOS"	"TODOS"
"NORDESTE"	23	"CE"	230600	"IRACEMA"	0	NA	0	"Região (NORDESTE) - Estado (TODOS) - Município (TODOS)"	"2015"	"TODOS"	"Idosos"	"TODOS"	"TODOS"	"TODOS"	"TODOS"	"TODOS"
"NORDESTE"	23	"CE"	230610	"IRAUCUBA"	0	NA	0	"Região (NORDESTE) - Estado (TODOS) - Município (TODOS)"	"2015"	"TODOS"	"Idosos"	"TODOS"	"TODOS"	"TODOS"	"TODOS"	"TODOS"
"NORDESTE"	23	"CE"	230620	"ITAICABA"	0	NA	0	"Região (NORDESTE) - Estado (TODOS) - Município (TODOS)"	"2015"	"TODOS"	"Idosos"	"TODOS"	"TODOS"	"TODOS"	"TODOS"	"TODOS"
"NORDESTE"	23	"CE"	230625	"ITAITINGA"	0	NA	0	"Região (NORDESTE) - Estado (TODOS) - Município (TODOS)"	"2015"	"TODOS"	"Idosos"	"TODOS"	"TODOS"	"TODOS"	"TODOS"	"TODOS"
"NORDESTE"	23	"CE"	230630	"ITAPAGE"	0	NA	0	"Região (NORDESTE) - Estado (TODOS) - Município (TODOS)"	"2015"	"TODOS"	"Idosos"	"TODOS"	"TODOS"	"TODOS"	"TODOS"	"TODOS"
"NORDESTE"	23	"CE"	230640	"ITAPIPOCA"	0	NA	0	"Região (NORDESTE) - Estado (TODOS) - Município (TODOS)"	"2015"	"TODOS"	"Idosos"	"TODOS"	"TODOS"	"TODOS"	"TODOS"	"TODOS"
"NORDESTE"	23	"CE"	230650	"ITAPIUNA"	0	NA	0	"Região (NORDESTE) - Estado (TODOS) - Município (TODOS)"	"2015"	"TODOS"	"Idosos"	"TODOS"	"TODOS"	"TODOS"	"TODOS"	"TODOS"
"NORDESTE"	23	"CE"	230660	"ITATIRA"	15	83.33	18	"Região (NORDESTE) - Estado (TODOS) - Município (TODOS)"	"2015"	"TODOS"	"Idosos"	"TODOS"	"TODOS"	"TODOS"	"TODOS"	"TODOS"
"NORDESTE"	23	"CE"	230670	"JAGUARETAMA"	2	66.67	3	"Região (NORDESTE) - Estado (TODOS) - Município (TODOS)"	"2015"	"TODOS"	"Idosos"	"TODOS"	"TODOS"	"TODOS"	"TODOS"	"TODOS"
"NORDESTE"	23	"CE"	230680	"JAGUARIBARA"	0	NA	0	"Região (NORDESTE) - Estado (TODOS) - Município (TODOS)"	"2015"	"TODOS"	"Idosos"	"TODOS"	"TODOS"	"TODOS"	"TODOS"	"TODOS"
"NORDESTE"	23	"CE"	230690	"JAGUARIBE"	0	NA	0	"Região (NORDESTE) - Estado (TODOS) - Município (TODOS)"	"2015"	"TODOS"	"Idosos"	"TODOS"	"TODOS"	"TODOS"	"TODOS"	"TODOS"
"NORDESTE"	23	"CE"	230700	"JAGUARUANA"	0	NA	0	"Região (NORDESTE) - Estado (TODOS) - Município (TODOS)"	"2015"	"TODOS"	"Idosos"	"TODOS"	"TODOS"	"TODOS"	"TODOS"	"TODOS"
"NORDESTE"	23	"CE"	230710	"JARDIM"	0	NA	0	"Região (NORDESTE) - Estado (TODOS) - Município (TODOS)"	"2015"	"TODOS"	"Idosos"	"TODOS"	"TODOS"	"TODOS"	"TODOS"	"TODOS"
"NORDESTE"	23	"CE"	230720	"JATI"	0	NA	0	"Região (NORDESTE) - Estado (TODOS) - Município (TODOS)"	"2015"	"TODOS"	"Idosos"	"TODOS"	"TODOS"	"TODOS"	"TODOS"	"TODOS"
"NORDESTE"	23	"CE"	230725	"JIJOCA DE JERICOACOARA"	0	NA	0	"Região (NORDESTE) - Estado (TODOS) - Município (TODOS)"	"2015"	"TODOS"	"Idosos"	"TODOS"	"TODOS"	"TODOS"	"TODOS"	"TODOS"
"NORDESTE"	23	"CE"	230730	"JUAZEIRO DO NORTE"	3	75	4	"Região (NORDESTE) - Estado (TODOS) - Município (TODOS)"	"2015"	"TODOS"	"Idosos"	"TODOS"	"TODOS"	"TODOS"	"TODOS"	"TODOS"
"NORDESTE"	23	"CE"	230740	"JUCAS"	0	NA	0	"Região (NORDESTE) - Estado (TODOS) - Município (TODOS)"	"2015"	"TODOS"	"Idosos"	"TODOS"	"TODOS"	"TODOS"	"TODOS"	"TODOS"
"NORDESTE"	23	"CE"	230750	"LAVRAS DA MANGABEIRA"	0	NA	0	"Região (NORDESTE) - Estado (TODOS) - Município (TODOS)"	"2015"	"TODOS"	"Idosos"	"TODOS"	"TODOS"	"TODOS"	"TODOS"	"TODOS"
"NORDESTE"	23	"CE"	230760	"LIMOEIRO DO NORTE"	0	NA	0	"Região (NORDESTE) - Estado (TODOS) - Município (TODOS)"	"2015"	"TODOS"	"Idosos"	"TODOS"	"TODOS"	"TODOS"	"TODOS"	"TODOS"
"NORDESTE"	23	"CE"	230763	"MADALENA"	0	NA	0	"Região (NORDESTE) - Estado (TODOS) - Município (TODOS)"	"2015"	"TODOS"	"Idosos"	"TODOS"	"TODOS"	"TODOS"	"TODOS"	"TODOS"
"NORDESTE"	23	"CE"	230765	"MARACANAU"	0	NA	0	"Região (NORDESTE) - Estado (TODOS) - Município (TODOS)"	"2015"	"TODOS"	"Idosos"	"TODOS"	"TODOS"	"TODOS"	"TODOS"	"TODOS"
"NORDESTE"	23	"CE"	230770	"MARANGUAPE"	0	NA	0	"Região (NORDESTE) - Estado (TODOS) - Município (TODOS)"	"2015"	"TODOS"	"Idosos"	"TODOS"	"TODOS"	"TODOS"	"TODOS"	"TODOS"
"NORDESTE"	23	"CE"	230780	"MARCO"	0	NA	0	"Região (NORDESTE) - Estado (TODOS) - Município (TODOS)"	"2015"	"TODOS"	"Idosos"	"TODOS"	"TODOS"	"TODOS"	"TODOS"	"TODOS"
"NORDESTE"	23	"CE"	230790	"MARTINOPOLE"	0	NA	0	"Região (NORDESTE) - Estado (TODOS) - Município (TODOS)"	"2015"	"TODOS"	"Idosos"	"TODOS"	"TODOS"	"TODOS"	"TODOS"	"TODOS"
"NORDESTE"	23	"CE"	230800	"MASSAPE"	0	NA	0	"Região (NORDESTE) - Estado (TODOS) - Município (TODOS)"	"2015"	"TODOS"	"Idosos"	"TODOS"	"TODOS"	"TODOS"	"TODOS"	"TODOS"
"NORDESTE"	23	"CE"	230810	"MAURITI"	0	NA	0	"Região (NORDESTE) - Estado (TODOS) - Município (TODOS)"	"2015"	"TODOS"	"Idosos"	"TODOS"	"TODOS"	"TODOS"	"TODOS"	"TODOS"
"NORDESTE"	23	"CE"	230820	"MERUOCA"	0	NA	0	"Região (NORDESTE) - Estado (TODOS) - Município (TODOS)"	"2015"	"TODOS"	"Idosos"	"TODOS"	"TODOS"	"TODOS"	"TODOS"	"TODOS"
"NORDESTE"	23	"CE"	230830	"MILAGRES"	0	NA	0	"Região (NORDESTE) - Estado (TODOS) - Município (TODOS)"	"2015"	"TODOS"	"Idosos"	"TODOS"	"TODOS"	"TODOS"	"TODOS"	"TODOS"
"NORDESTE"	23	"CE"	230835	"MILHA"	0	NA	0	"Região (NORDESTE) - Estado (TODOS) - Município (TODOS)"	"2015"	"TODOS"	"Idosos"	"TODOS"	"TODOS"	"TODOS"	"TODOS"	"TODOS"
"NORDESTE"	23	"CE"	230837	"MIRAIMA"	0	NA	0	"Região (NORDESTE) - Estado (TODOS) - Município (TODOS)"	"2015"	"TODOS"	"Idosos"	"TODOS"	"TODOS"	"TODOS"	"TODOS"	"TODOS"
"NORDESTE"	23	"CE"	230840	"MISSAO VELHA"	0	NA	0	"Região (NORDESTE) - Estado (TODOS) - Município (TODOS)"	"2015"	"TODOS"	"Idosos"	"TODOS"	"TODOS"	"TODOS"	"TODOS"	"TODOS"
"NORDESTE"	23	"CE"	230850	"MOMBACA"	0	NA	0	"Região (NORDESTE) - Estado (TODOS) - Município (TODOS)"	"2015"	"TODOS"	"Idosos"	"TODOS"	"TODOS"	"TODOS"	"TODOS"	"TODOS"
"NORDESTE"	23	"CE"	230860	"MONSENHOR TABOSA"	0	NA	0	"Região (NORDESTE) - Estado (TODOS) - Município (TODOS)"	"2015"	"TODOS"	"Idosos"	"TODOS"	"TODOS"	"TODOS"	"TODOS"	"TODOS"
"NORDESTE"	23	"CE"	230870	"MORADA NOVA"	0	NA	0	"Região (NORDESTE) - Estado (TODOS) - Município (TODOS)"	"2015"	"TODOS"	"Idosos"	"TODOS"	"TODOS"	"TODOS"	"TODOS"	"TODOS"
"NORDESTE"	23	"CE"	230890	"MORRINHOS"	0	NA	0	"Região (NORDESTE) - Estado (TODOS) - Município (TODOS)"	"2015"	"TODOS"	"Idosos"	"TODOS"	"TODOS"	"TODOS"	"TODOS"	"TODOS"
"NORDESTE"	23	"CE"	230900	"MUCAMBO"	0	NA	0	"Região (NORDESTE) - Estado (TODOS) - Município (TODOS)"	"2015"	"TODOS"	"Idosos"	"TODOS"	"TODOS"	"TODOS"	"TODOS"	"TODOS"
"NORDESTE"	23	"CE"	230910	"MULUNGU"	0	NA	0	"Região (NORDESTE) - Estado (TODOS) - Município (TODOS)"	"2015"	"TODOS"	"Idosos"	"TODOS"	"TODOS"	"TODOS"	"TODOS"	"TODOS"
"NORDESTE"	23	"CE"	230920	"NOVA OLINDA"	0	NA	0	"Região (NORDESTE) - Estado (TODOS) - Município (TODOS)"	"2015"	"TODOS"	"Idosos"	"TODOS"	"TODOS"	"TODOS"	"TODOS"	"TODOS"
"NORDESTE"	23	"CE"	230930	"NOVA RUSSAS"	8	66.67	12	"Região (NORDESTE) - Estado (TODOS) - Município (TODOS)"	"2015"	"TODOS"	"Idosos"	"TODOS"	"TODOS"	"TODOS"	"TODOS"	"TODOS"
"NORDESTE"	23	"CE"	230940	"NOVO ORIENTE"	0	NA	0	"Região (NORDESTE) - Estado (TODOS) - Município (TODOS)"	"2015"	"TODOS"	"Idosos"	"TODOS"	"TODOS"	"TODOS"	"TODOS"	"TODOS"
"NORDESTE"	23	"CE"	230950	"OROS"	0	NA	0	"Região (NORDESTE) - Estado (TODOS) - Município (TODOS)"	"2015"	"TODOS"	"Idosos"	"TODOS"	"TODOS"	"TODOS"	"TODOS"	"TODOS"
"NORDESTE"	23	"CE"	230960	"PACAJUS"	0	NA	0	"Região (NORDESTE) - Estado (TODOS) - Município (TODOS)"	"2015"	"TODOS"	"Idosos"	"TODOS"	"TODOS"	"TODOS"	"TODOS"	"TODOS"
"NORDESTE"	23	"CE"	230970	"PACATUBA"	0	NA	0	"Região (NORDESTE) - Estado (TODOS) - Município (TODOS)"	"2015"	"TODOS"	"Idosos"	"TODOS"	"TODOS"	"TODOS"	"TODOS"	"TODOS"
"NORDESTE"	23	"CE"	230980	"PACOTI"	0	NA	0	"Região (NORDESTE) - Estado (TODOS) - Município (TODOS)"	"2015"	"TODOS"	"Idosos"	"TODOS"	"TODOS"	"TODOS"	"TODOS"	"TODOS"
"NORDESTE"	23	"CE"	230990	"PACUJA"	0	NA	0	"Região (NORDESTE) - Estado (TODOS) - Município (TODOS)"	"2015"	"TODOS"	"Idosos"	"TODOS"	"TODOS"	"TODOS"	"TODOS"	"TODOS"
"NORDESTE"	23	"CE"	231000	"PALHANO"	59	98.33	60	"Região (NORDESTE) - Estado (TODOS) - Município (TODOS)"	"2015"	"TODOS"	"Idosos"	"TODOS"	"TODOS"	"TODOS"	"TODOS"	"TODOS"
"NORDESTE"	23	"CE"	231010	"PALMACIA"	0	NA	0	"Região (NORDESTE) - Estado (TODOS) - Município (TODOS)"	"2015"	"TODOS"	"Idosos"	"TODOS"	"TODOS"	"TODOS"	"TODOS"	"TODOS"
"NORDESTE"	23	"CE"	231020	"PARACURU"	0	NA	0	"Região (NORDESTE) - Estado (TODOS) - Município (TODOS)"	"2015"	"TODOS"	"Idosos"	"TODOS"	"TODOS"	"TODOS"	"TODOS"	"TODOS"
"NORDESTE"	23	"CE"	231030	"PARAMBU"	2	100	2	"Região (NORDESTE) - Estado (TODOS) - Município (TODOS)"	"2015"	"TODOS"	"Idosos"	"TODOS"	"TODOS"	"TODOS"	"TODOS"	"TODOS"
"NORDESTE"	23	"CE"	231040	"PARAMOTI"	0	NA	0	"Região (NORDESTE) - Estado (TODOS) - Município (TODOS)"	"2015"	"TODOS"	"Idosos"	"TODOS"	"TODOS"	"TODOS"	"TODOS"	"TODOS"
"NORDESTE"	23	"CE"	231050	"PEDRA BRANCA"	0	NA	0	"Região (NORDESTE) - Estado (TODOS) - Município (TODOS)"	"2015"	"TODOS"	"Idosos"	"TODOS"	"TODOS"	"TODOS"	"TODOS"	"TODOS"
"NORDESTE"	23	"CE"	231070	"PENTECOSTE"	0	NA	0	"Região (NORDESTE) - Estado (TODOS) - Município (TODOS)"	"2015"	"TODOS"	"Idosos"	"TODOS"	"TODOS"	"TODOS"	"TODOS"	"TODOS"
"NORDESTE"	23	"CE"	231080	"PEREIRO"	0	NA	0	"Região (NORDESTE) - Estado (TODOS) - Município (TODOS)"	"2015"	"TODOS"	"Idosos"	"TODOS"	"TODOS"	"TODOS"	"TODOS"	"TODOS"
"NORDESTE"	23	"CE"	231085	"PINDORETAMA"	0	NA	0	"Região (NORDESTE) - Estado (TODOS) - Município (TODOS)"	"2015"	"TODOS"	"Idosos"	"TODOS"	"TODOS"	"TODOS"	"TODOS"	"TODOS"
"NORDESTE"	23	"CE"	231090	"PIQUET CARNEIRO"	5	100	5	"Região (NORDESTE) - Estado (TODOS) - Município (TODOS)"	"2015"	"TODOS"	"Idosos"	"TODOS"	"TODOS"	"TODOS"	"TODOS"	"TODOS"
"NORDESTE"	23	"CE"	231095	"PIRES FERREIRA"	0	NA	0	"Região (NORDESTE) - Estado (TODOS) - Município (TODOS)"	"2015"	"TODOS"	"Idosos"	"TODOS"	"TODOS"	"TODOS"	"TODOS"	"TODOS"
"NORDESTE"	23	"CE"	231110	"PORTEIRAS"	0	NA	0	"Região (NORDESTE) - Estado (TODOS) - Município (TODOS)"	"2015"	"TODOS"	"Idosos"	"TODOS"	"TODOS"	"TODOS"	"TODOS"	"TODOS"
"NORDESTE"	23	"CE"	231120	"POTENGI"	0	NA	0	"Região (NORDESTE) - Estado (TODOS) - Município (TODOS)"	"2015"	"TODOS"	"Idosos"	"TODOS"	"TODOS"	"TODOS"	"TODOS"	"TODOS"
"NORDESTE"	23	"CE"	231123	"POTIRETAMA"	0	NA	0	"Região (NORDESTE) - Estado (TODOS) - Município (TODOS)"	"2015"	"TODOS"	"Idosos"	"TODOS"	"TODOS"	"TODOS"	"TODOS"	"TODOS"
"NORDESTE"	23	"CE"	231126	"QUITERIANOPOLIS"	4	100	4	"Região (NORDESTE) - Estado (TODOS) - Município (TODOS)"	"2015"	"TODOS"	"Idosos"	"TODOS"	"TODOS"	"TODOS"	"TODOS"	"TODOS"
"NORDESTE"	23	"CE"	231130	"QUIXADA"	0	NA	0	"Região (NORDESTE) - Estado (TODOS) - Município (TODOS)"	"2015"	"TODOS"	"Idosos"	"TODOS"	"TODOS"	"TODOS"	"TODOS"	"TODOS"
"NORDESTE"	23	"CE"	231135	"QUIXELO"	0	NA	0	"Região (NORDESTE) - Estado (TODOS) - Município (TODOS)"	"2015"	"TODOS"	"Idosos"	"TODOS"	"TODOS"	"TODOS"	"TODOS"	"TODOS"
"NORDESTE"	23	"CE"	231140	"QUIXERAMOBIM"	0	NA	0	"Região (NORDESTE) - Estado (TODOS) - Município (TODOS)"	"2015"	"TODOS"	"Idosos"	"TODOS"	"TODOS"	"TODOS"	"TODOS"	"TODOS"
"NORDESTE"	23	"CE"	231150	"QUIXERE"	1	50	2	"Região (NORDESTE) - Estado (TODOS) - Município (TODOS)"	"2015"	"TODOS"	"Idosos"	"TODOS"	"TODOS"	"TODOS"	"TODOS"	"TODOS"
"NORDESTE"	23	"CE"	231160	"REDENCAO"	0	NA	0	"Região (NORDESTE) - Estado (TODOS) - Município (TODOS)"	"2015"	"TODOS"	"Idosos"	"TODOS"	"TODOS"	"TODOS"	"TODOS"	"TODOS"
"NORDESTE"	23	"CE"	231170	"RERIUTABA"	8	88.89	9	"Região (NORDESTE) - Estado (TODOS) - Município (TODOS)"	"2015"	"TODOS"	"Idosos"	"TODOS"	"TODOS"	"TODOS"	"TODOS"	"TODOS"
"NORDESTE"	23	"CE"	231180	"RUSSAS"	0	NA	0	"Região (NORDESTE) - Estado (TODOS) - Município (TODOS)"	"2015"	"TODOS"	"Idosos"	"TODOS"	"TODOS"	"TODOS"	"TODOS"	"TODOS"
"NORDESTE"	23	"CE"	231190	"SABOEIRO"	0	NA	0	"Região (NORDESTE) - Estado (TODOS) - Município (TODOS)"	"2015"	"TODOS"	"Idosos"	"TODOS"	"TODOS"	"TODOS"	"TODOS"	"TODOS"
"NORDESTE"	23	"CE"	231195	"SALITRE"	0	NA	0	"Região (NORDESTE) - Estado (TODOS) - Município (TODOS)"	"2015"	"TODOS"	"Idosos"	"TODOS"	"TODOS"	"TODOS"	"TODOS"	"TODOS"
"NORDESTE"	23	"CE"	231220	"SANTA QUITERIA"	0	NA	0	"Região (NORDESTE) - Estado (TODOS) - Município (TODOS)"	"2015"	"TODOS"	"Idosos"	"TODOS"	"TODOS"	"TODOS"	"TODOS"	"TODOS"
"NORDESTE"	23	"CE"	231210	"SANTANA DO CARIRI"	0	NA	0	"Região (NORDESTE) - Estado (TODOS) - Município (TODOS)"	"2015"	"TODOS"	"Idosos"	"TODOS"	"TODOS"	"TODOS"	"TODOS"	"TODOS"
"NORDESTE"	23	"CE"	231230	"SAO BENEDITO"	0	NA	0	"Região (NORDESTE) - Estado (TODOS) - Município (TODOS)"	"2015"	"TODOS"	"Idosos"	"TODOS"	"TODOS"	"TODOS"	"TODOS"	"TODOS"
"NORDESTE"	23	"CE"	231240	"SAO GONCALO DO AMARANTE"	0	NA	0	"Região (NORDESTE) - Estado (TODOS) - Município (TODOS)"	"2015"	"TODOS"	"Idosos"	"TODOS"	"TODOS"	"TODOS"	"TODOS"	"TODOS"
"NORDESTE"	23	"CE"	231250	"SAO JOAO DO JAGUARIBE"	0	NA	0	"Região (NORDESTE) - Estado (TODOS) - Município (TODOS)"	"2015"	"TODOS"	"Idosos"	"TODOS"	"TODOS"	"TODOS"	"TODOS"	"TODOS"
"NORDESTE"	23	"CE"	231260	"SAO LUIS DO CURU"	0	NA	0	"Região (NORDESTE) - Estado (TODOS) - Município (TODOS)"	"2015"	"TODOS"	"Idosos"	"TODOS"	"TODOS"	"TODOS"	"TODOS"	"TODOS"
"NORDESTE"	23	"CE"	231270	"SENADOR POMPEU"	0	NA	0	"Região (NORDESTE) - Estado (TODOS) - Município (TODOS)"	"2015"	"TODOS"	"Idosos"	"TODOS"	"TODOS"	"TODOS"	"TODOS"	"TODOS"
"NORDESTE"	23	"CE"	231290	"SOBRAL"	7	100	7	"Região (NORDESTE) - Estado (TODOS) - Município (TODOS)"	"2015"	"TODOS"	"Idosos"	"TODOS"	"TODOS"	"TODOS"	"TODOS"	"TODOS"
"NORDESTE"	23	"CE"	231300	"SOLONOPOLE"	0	NA	0	"Região (NORDESTE) - Estado (TODOS) - Município (TODOS)"	"2015"	"TODOS"	"Idosos"	"TODOS"	"TODOS"	"TODOS"	"TODOS"	"TODOS"
"NORDESTE"	23	"CE"	231310	"TABULEIRO DO NORTE"	1	100	1	"Região (NORDESTE) - Estado (TODOS) - Município (TODOS)"	"2015"	"TODOS"	"Idosos"	"TODOS"	"TODOS"	"TODOS"	"TODOS"	"TODOS"
"NORDESTE"	23	"CE"	231320	"TAMBORIL"	55	88.71	62	"Região (NORDESTE) - Estado (TODOS) - Município (TODOS)"	"2015"	"TODOS"	"Idosos"	"TODOS"	"TODOS"	"TODOS"	"TODOS"	"TODOS"
"NORDESTE"	23	"CE"	231325	"TARRAFAS"	0	NA	0	"Região (NORDESTE) - Estado (TODOS) - Município (TODOS)"	"2015"	"TODOS"	"Idosos"	"TODOS"	"TODOS"	"TODOS"	"TODOS"	"TODOS"
"NORDESTE"	23	"CE"	231330	"TAUA"	0	NA	0	"Região (NORDESTE) - Estado (TODOS) - Município (TODOS)"	"2015"	"TODOS"	"Idosos"	"TODOS"	"TODOS"	"TODOS"	"TODOS"	"TODOS"
"NORDESTE"	23	"CE"	231335	"TEJUCUOCA"	0	NA	0	"Região (NORDESTE) - Estado (TODOS) - Município (TODOS)"	"2015"	"TODOS"	"Idosos"	"TODOS"	"TODOS"	"TODOS"	"TODOS"	"TODOS"
"NORDESTE"	23	"CE"	231340	"TIANGUA"	0	NA	0	"Região (NORDESTE) - Estado (TODOS) - Município (TODOS)"	"2015"	"TODOS"	"Idosos"	"TODOS"	"TODOS"	"TODOS"	"TODOS"	"TODOS"
"NORDESTE"	23	"CE"	231350	"TRAIRI"	0	NA	0	"Região (NORDESTE) - Estado (TODOS) - Município (TODOS)"	"2015"	"TODOS"	"Idosos"	"TODOS"	"TODOS"	"TODOS"	"TODOS"	"TODOS"
"NORDESTE"	23	"CE"	231355	"TURURU"	0	NA	0	"Região (NORDESTE) - Estado (TODOS) - Município (TODOS)"	"2015"	"TODOS"	"Idosos"	"TODOS"	"TODOS"	"TODOS"	"TODOS"	"TODOS"
"NORDESTE"	23	"CE"	231360	"UBAJARA"	0	NA	0	"Região (NORDESTE) - Estado (TODOS) - Município (TODOS)"	"2015"	"TODOS"	"Idosos"	"TODOS"	"TODOS"	"TODOS"	"TODOS"	"TODOS"
"NORDESTE"	23	"CE"	231390	"URUOCA"	3	100	3	"Região (NORDESTE) - Estado (TODOS) - Município (TODOS)"	"2015"	"TODOS"	"Idosos"	"TODOS"	"TODOS"	"TODOS"	"TODOS"	"TODOS"
"NORDESTE"	23	"CE"	231395	"VARJOTA"	0	NA	0	"Região (NORDESTE) - Estado (TODOS) - Município (TODOS)"	"2015"	"TODOS"	"Idosos"	"TODOS"	"TODOS"	"TODOS"	"TODOS"	"TODOS"
"NORDESTE"	23	"CE"	231400	"VARZEA ALEGRE"	0	NA	0	"Região (NORDESTE) - Estado (TODOS) - Município (TODOS)"	"2015"	"TODOS"	"Idosos"	"TODOS"	"TODOS"	"TODOS"	"TODOS"	"TODOS"
"NORDESTE"	23	"CE"	231410	"VICOSA DO CEARA"	1	50	2	"Região (NORDESTE) - Estado (TODOS) - Município (TODOS)"	"2015"	"TODOS"	"Idosos"	"TODOS"	"TODOS"	"TODOS"	"TODOS"	"TODOS"
"NORDESTE"	23	"CE"	230015	"ACARAPE"	0	NA	0	"Região (NORDESTE) - Estado (TODOS) - Município (TODOS)"	"2016"	"TODOS"	"Idosos"	"TODOS"	"TODOS"	"TODOS"	"TODOS"	"TODOS"
"NORDESTE"	23	"CE"	230020	"ACARAU"	0	NA	0	"Região (NORDESTE) - Estado (TODOS) - Município (TODOS)"	"2016"	"TODOS"	"Idosos"	"TODOS"	"TODOS"	"TODOS"	"TODOS"	"TODOS"
"NORDESTE"	23	"CE"	230030	"ACOPIARA"	0	NA	0	"Região (NORDESTE) - Estado (TODOS) - Município (TODOS)"	"2016"	"TODOS"	"Idosos"	"TODOS"	"TODOS"	"TODOS"	"TODOS"	"TODOS"
"NORDESTE"	23	"CE"	230040	"AIUABA"	0	NA	0	"Região (NORDESTE) - Estado (TODOS) - Município (TODOS)"	"2016"	"TODOS"	"Idosos"	"TODOS"	"TODOS"	"TODOS"	"TODOS"	"TODOS"
"NORDESTE"	23	"CE"	230050	"ALCANTARAS"	0	NA	0	"Região (NORDESTE) - Estado (TODOS) - Município (TODOS)"	"2016"	"TODOS"	"Idosos"	"TODOS"	"TODOS"	"TODOS"	"TODOS"	"TODOS"
"NORDESTE"	23	"CE"	230060	"ALTANEIRA"	0	NA	0	"Região (NORDESTE) - Estado (TODOS) - Município (TODOS)"	"2016"	"TODOS"	"Idosos"	"TODOS"	"TODOS"	"TODOS"	"TODOS"	"TODOS"
"NORDESTE"	23	"CE"	230070	"ALTO SANTO"	0	NA	0	"Região (NORDESTE) - Estado (TODOS) - Município (TODOS)"	"2016"	"TODOS"	"Idosos"	"TODOS"	"TODOS"	"TODOS"	"TODOS"	"TODOS"
"NORDESTE"	23	"CE"	230075	"AMONTADA"	0	NA	0	"Região (NORDESTE) - Estado (TODOS) - Município (TODOS)"	"2016"	"TODOS"	"Idosos"	"TODOS"	"TODOS"	"TODOS"	"TODOS"	"TODOS"
"NORDESTE"	23	"CE"	230080	"ANTONINA DO NORTE"	0	NA	0	"Região (NORDESTE) - Estado (TODOS) - Município (TODOS)"	"2016"	"TODOS"	"Idosos"	"TODOS"	"TODOS"	"TODOS"	"TODOS"	"TODOS"
"NORDESTE"	23	"CE"	230090	"APUIARES"	0	NA	0	"Região (NORDESTE) - Estado (TODOS) - Município (TODOS)"	"2016"	"TODOS"	"Idosos"	"TODOS"	"TODOS"	"TODOS"	"TODOS"	"TODOS"
"NORDESTE"	23	"CE"	230100	"AQUIRAZ"	0	NA	0	"Região (NORDESTE) - Estado (TODOS) - Município (TODOS)"	"2016"	"TODOS"	"Idosos"	"TODOS"	"TODOS"	"TODOS"	"TODOS"	"TODOS"
"NORDESTE"	23	"CE"	230110	"ARACATI"	1	100	1	"Região (NORDESTE) - Estado (TODOS) - Município (TODOS)"	"2016"	"TODOS"	"Idosos"	"TODOS"	"TODOS"	"TODOS"	"TODOS"	"TODOS"
"NORDESTE"	23	"CE"	230120	"ARACOIABA"	0	NA	0	"Região (NORDESTE) - Estado (TODOS) - Município (TODOS)"	"2016"	"TODOS"	"Idosos"	"TODOS"	"TODOS"	"TODOS"	"TODOS"	"TODOS"
"NORDESTE"	23	"CE"	230125	"ARARENDA"	0	NA	0	"Região (NORDESTE) - Estado (TODOS) - Município (TODOS)"	"2016"	"TODOS"	"Idosos"	"TODOS"	"TODOS"	"TODOS"	"TODOS"	"TODOS"
"NORDESTE"	23	"CE"	230130	"ARARIPE"	0	NA	0	"Região (NORDESTE) - Estado (TODOS) - Município (TODOS)"	"2016"	"TODOS"	"Idosos"	"TODOS"	"TODOS"	"TODOS"	"TODOS"	"TODOS"
"NORDESTE"	23	"CE"	230140	"ARATUBA"	0	NA	0	"Região (NORDESTE) - Estado (TODOS) - Município (TODOS)"	"2016"	"TODOS"	"Idosos"	"TODOS"	"TODOS"	"TODOS"	"TODOS"	"TODOS"
"NORDESTE"	23	"CE"	230160	"ASSARE"	5	71.43	7	"Região (NORDESTE) - Estado (TODOS) - Município (TODOS)"	"2016"	"TODOS"	"Idosos"	"TODOS"	"TODOS"	"TODOS"	"TODOS"	"TODOS"
"NORDESTE"	23	"CE"	230170	"AURORA"	0	NA	0	"Região (NORDESTE) - Estado (TODOS) - Município (TODOS)"	"2016"	"TODOS"	"Idosos"	"TODOS"	"TODOS"	"TODOS"	"TODOS"	"TODOS"
"NORDESTE"	23	"CE"	230180	"BAIXIO"	0	NA	0	"Região (NORDESTE) - Estado (TODOS) - Município (TODOS)"	"2016"	"TODOS"	"Idosos"	"TODOS"	"TODOS"	"TODOS"	"TODOS"	"TODOS"
"NORDESTE"	23	"CE"	230185	"BANABUIU"	0	NA	0	"Região (NORDESTE) - Estado (TODOS) - Município (TODOS)"	"2016"	"TODOS"	"Idosos"	"TODOS"	"TODOS"	"TODOS"	"TODOS"	"TODOS"
"NORDESTE"	23	"CE"	230190	"BARBALHA"	0	NA	0	"Região (NORDESTE) - Estado (TODOS) - Município (TODOS)"	"2016"	"TODOS"	"Idosos"	"TODOS"	"TODOS"	"TODOS"	"TODOS"	"TODOS"
"NORDESTE"	23	"CE"	230200	"BARRO"	0	NA	0	"Região (NORDESTE) - Estado (TODOS) - Município (TODOS)"	"2016"	"TODOS"	"Idosos"	"TODOS"	"TODOS"	"TODOS"	"TODOS"	"TODOS"
"NORDESTE"	23	"CE"	230205	"BARROQUINHA"	1	100	1	"Região (NORDESTE) - Estado (TODOS) - Município (TODOS)"	"2016"	"TODOS"	"Idosos"	"TODOS"	"TODOS"	"TODOS"	"TODOS"	"TODOS"
"NORDESTE"	23	"CE"	230210	"BATURITE"	0	NA	0	"Região (NORDESTE) - Estado (TODOS) - Município (TODOS)"	"2016"	"TODOS"	"Idosos"	"TODOS"	"TODOS"	"TODOS"	"TODOS"	"TODOS"
"NORDESTE"	23	"CE"	230220	"BEBERIBE"	0	NA	0	"Região (NORDESTE) - Estado (TODOS) - Município (TODOS)"	"2016"	"TODOS"	"Idosos"	"TODOS"	"TODOS"	"TODOS"	"TODOS"	"TODOS"
"NORDESTE"	23	"CE"	230230	"BELA CRUZ"	2	100	2	"Região (NORDESTE) - Estado (TODOS) - Município (TODOS)"	"2016"	"TODOS"	"Idosos"	"TODOS"	"TODOS"	"TODOS"	"TODOS"	"TODOS"
"NORDESTE"	23	"CE"	230240	"BOA VIAGEM"	0	NA	0	"Região (NORDESTE) - Estado (TODOS) - Município (TODOS)"	"2016"	"TODOS"	"Idosos"	"TODOS"	"TODOS"	"TODOS"	"TODOS"	"TODOS"
"NORDESTE"	23	"CE"	230250	"BREJO SANTO"	0	NA	0	"Região (NORDESTE) - Estado (TODOS) - Município (TODOS)"	"2016"	"TODOS"	"Idosos"	"TODOS"	"TODOS"	"TODOS"	"TODOS"	"TODOS"
"NORDESTE"	23	"CE"	230260	"CAMOCIM"	0	NA	0	"Região (NORDESTE) - Estado (TODOS) - Município (TODOS)"	"2016"	"TODOS"	"Idosos"	"TODOS"	"TODOS"	"TODOS"	"TODOS"	"TODOS"
"NORDESTE"	23	"CE"	230270	"CAMPOS SALES"	120	94.49	127	"Região (NORDESTE) - Estado (TODOS) - Município (TODOS)"	"2016"	"TODOS"	"Idosos"	"TODOS"	"TODOS"	"TODOS"	"TODOS"	"TODOS"
"NORDESTE"	23	"CE"	230280	"CANINDE"	0	NA	0	"Região (NORDESTE) - Estado (TODOS) - Município (TODOS)"	"2016"	"TODOS"	"Idosos"	"TODOS"	"TODOS"	"TODOS"	"TODOS"	"TODOS"
"NORDESTE"	23	"CE"	230290	"CAPISTRANO"	1	50	2	"Região (NORDESTE) - Estado (TODOS) - Município (TODOS)"	"2016"	"TODOS"	"Idosos"	"TODOS"	"TODOS"	"TODOS"	"TODOS"	"TODOS"
"NORDESTE"	23	"CE"	230300	"CARIDADE"	0	NA	0	"Região (NORDESTE) - Estado (TODOS) - Município (TODOS)"	"2016"	"TODOS"	"Idosos"	"TODOS"	"TODOS"	"TODOS"	"TODOS"	"TODOS"
"NORDESTE"	23	"CE"	230310	"CARIRE"	0	NA	0	"Região (NORDESTE) - Estado (TODOS) - Município (TODOS)"	"2016"	"TODOS"	"Idosos"	"TODOS"	"TODOS"	"TODOS"	"TODOS"	"TODOS"
"NORDESTE"	23	"CE"	230320	"CARIRIACU"	0	NA	0	"Região (NORDESTE) - Estado (TODOS) - Município (TODOS)"	"2016"	"TODOS"	"Idosos"	"TODOS"	"TODOS"	"TODOS"	"TODOS"	"TODOS"
"NORDESTE"	23	"CE"	230330	"CARIUS"	1	100	1	"Região (NORDESTE) - Estado (TODOS) - Município (TODOS)"	"2016"	"TODOS"	"Idosos"	"TODOS"	"TODOS"	"TODOS"	"TODOS"	"TODOS"
"NORDESTE"	23	"CE"	230340	"CARNAUBAL"	2	100	2	"Região (NORDESTE) - Estado (TODOS) - Município (TODOS)"	"2016"	"TODOS"	"Idosos"	"TODOS"	"TODOS"	"TODOS"	"TODOS"	"TODOS"
"NORDESTE"	23	"CE"	230350	"CASCAVEL"	16	94.12	17	"Região (NORDESTE) - Estado (TODOS) - Município (TODOS)"	"2016"	"TODOS"	"Idosos"	"TODOS"	"TODOS"	"TODOS"	"TODOS"	"TODOS"
"NORDESTE"	23	"CE"	230360	"CATARINA"	0	NA	0	"Região (NORDESTE) - Estado (TODOS) - Município (TODOS)"	"2016"	"TODOS"	"Idosos"	"TODOS"	"TODOS"	"TODOS"	"TODOS"	"TODOS"
"NORDESTE"	23	"CE"	230365	"CATUNDA"	0	NA	0	"Região (NORDESTE) - Estado (TODOS) - Município (TODOS)"	"2016"	"TODOS"	"Idosos"	"TODOS"	"TODOS"	"TODOS"	"TODOS"	"TODOS"
"NORDESTE"	23	"CE"	230370	"CAUCAIA"	1	100	1	"Região (NORDESTE) - Estado (TODOS) - Município (TODOS)"	"2016"	"TODOS"	"Idosos"	"TODOS"	"TODOS"	"TODOS"	"TODOS"	"TODOS"
"NORDESTE"	23	"CE"	230380	"CEDRO"	0	NA	0	"Região (NORDESTE) - Estado (TODOS) - Município (TODOS)"	"2016"	"TODOS"	"Idosos"	"TODOS"	"TODOS"	"TODOS"	"TODOS"	"TODOS"
"NORDESTE"	23	"CE"	230390	"CHAVAL"	0	NA	0	"Região (NORDESTE) - Estado (TODOS) - Município (TODOS)"	"2016"	"TODOS"	"Idosos"	"TODOS"	"TODOS"	"TODOS"	"TODOS"	"TODOS"
"NORDESTE"	23	"CE"	230393	"CHORO"	0	NA	0	"Região (NORDESTE) - Estado (TODOS) - Município (TODOS)"	"2016"	"TODOS"	"Idosos"	"TODOS"	"TODOS"	"TODOS"	"TODOS"	"TODOS"
"NORDESTE"	23	"CE"	230395	"CHOROZINHO"	0	NA	0	"Região (NORDESTE) - Estado (TODOS) - Município (TODOS)"	"2016"	"TODOS"	"Idosos"	"TODOS"	"TODOS"	"TODOS"	"TODOS"	"TODOS"
"NORDESTE"	23	"CE"	230400	"COREAU"	0	NA	0	"Região (NORDESTE) - Estado (TODOS) - Município (TODOS)"	"2016"	"TODOS"	"Idosos"	"TODOS"	"TODOS"	"TODOS"	"TODOS"	"TODOS"
"NORDESTE"	23	"CE"	230410	"CRATEUS"	0	NA	0	"Região (NORDESTE) - Estado (TODOS) - Município (TODOS)"	"2016"	"TODOS"	"Idosos"	"TODOS"	"TODOS"	"TODOS"	"TODOS"	"TODOS"
"NORDESTE"	23	"CE"	230420	"CRATO"	36	76.6	47	"Região (NORDESTE) - Estado (TODOS) - Município (TODOS)"	"2016"	"TODOS"	"Idosos"	"TODOS"	"TODOS"	"TODOS"	"TODOS"	"TODOS"
"NORDESTE"	23	"CE"	230423	"CROATA"	0	NA	0	"Região (NORDESTE) - Estado (TODOS) - Município (TODOS)"	"2016"	"TODOS"	"Idosos"	"TODOS"	"TODOS"	"TODOS"	"TODOS"	"TODOS"
"NORDESTE"	23	"CE"	230425	"CRUZ"	0	NA	0	"Região (NORDESTE) - Estado (TODOS) - Município (TODOS)"	"2016"	"TODOS"	"Idosos"	"TODOS"	"TODOS"	"TODOS"	"TODOS"	"TODOS"
"NORDESTE"	23	"CE"	230426	"DEPUTADO IRAPUAN PINHEIRO"	0	NA	0	"Região (NORDESTE) - Estado (TODOS) - Município (TODOS)"	"2016"	"TODOS"	"Idosos"	"TODOS"	"TODOS"	"TODOS"	"TODOS"	"TODOS"
"NORDESTE"	23	"CE"	230427	"ERERE"	0	NA	0	"Região (NORDESTE) - Estado (TODOS) - Município (TODOS)"	"2016"	"TODOS"	"Idosos"	"TODOS"	"TODOS"	"TODOS"	"TODOS"	"TODOS"
"NORDESTE"	23	"CE"	230428	"EUSEBIO"	2	66.67	3	"Região (NORDESTE) - Estado (TODOS) - Município (TODOS)"	"2016"	"TODOS"	"Idosos"	"TODOS"	"TODOS"	"TODOS"	"TODOS"	"TODOS"
"NORDESTE"	23	"CE"	230430	"FARIAS BRITO"	72	92.31	78	"Região (NORDESTE) - Estado (TODOS) - Município (TODOS)"	"2016"	"TODOS"	"Idosos"	"TODOS"	"TODOS"	"TODOS"	"TODOS"	"TODOS"
"NORDESTE"	23	"CE"	230435	"FORQUILHA"	0	NA	0	"Região (NORDESTE) - Estado (TODOS) - Município (TODOS)"	"2016"	"TODOS"	"Idosos"	"TODOS"	"TODOS"	"TODOS"	"TODOS"	"TODOS"
"NORDESTE"	23	"CE"	230440	"FORTALEZA"	2	100	2	"Região (NORDESTE) - Estado (TODOS) - Município (TODOS)"	"2016"	"TODOS"	"Idosos"	"TODOS"	"TODOS"	"TODOS"	"TODOS"	"TODOS"
"NORDESTE"	23	"CE"	230445	"FORTIM"	0	NA	0	"Região (NORDESTE) - Estado (TODOS) - Município (TODOS)"	"2016"	"TODOS"	"Idosos"	"TODOS"	"TODOS"	"TODOS"	"TODOS"	"TODOS"
"NORDESTE"	23	"CE"	230450	"FRECHEIRINHA"	0	NA	0	"Região (NORDESTE) - Estado (TODOS) - Município (TODOS)"	"2016"	"TODOS"	"Idosos"	"TODOS"	"TODOS"	"TODOS"	"TODOS"	"TODOS"
"NORDESTE"	23	"CE"	230465	"GRACA"	0	NA	0	"Região (NORDESTE) - Estado (TODOS) - Município (TODOS)"	"2016"	"TODOS"	"Idosos"	"TODOS"	"TODOS"	"TODOS"	"TODOS"	"TODOS"
"NORDESTE"	23	"CE"	230470	"GRANJA"	78	83.87	93	"Região (NORDESTE) - Estado (TODOS) - Município (TODOS)"	"2016"	"TODOS"	"Idosos"	"TODOS"	"TODOS"	"TODOS"	"TODOS"	"TODOS"
"NORDESTE"	23	"CE"	230495	"GUAIUBA"	0	NA	0	"Região (NORDESTE) - Estado (TODOS) - Município (TODOS)"	"2016"	"TODOS"	"Idosos"	"TODOS"	"TODOS"	"TODOS"	"TODOS"	"TODOS"
"NORDESTE"	23	"CE"	230500	"GUARACIABA DO NORTE"	0	NA	0	"Região (NORDESTE) - Estado (TODOS) - Município (TODOS)"	"2016"	"TODOS"	"Idosos"	"TODOS"	"TODOS"	"TODOS"	"TODOS"	"TODOS"
"NORDESTE"	23	"CE"	230510	"GUARAMIRANGA"	0	NA	0	"Região (NORDESTE) - Estado (TODOS) - Município (TODOS)"	"2016"	"TODOS"	"Idosos"	"TODOS"	"TODOS"	"TODOS"	"TODOS"	"TODOS"
"NORDESTE"	23	"CE"	230520	"HIDROLANDIA"	0	NA	0	"Região (NORDESTE) - Estado (TODOS) - Município (TODOS)"	"2016"	"TODOS"	"Idosos"	"TODOS"	"TODOS"	"TODOS"	"TODOS"	"TODOS"
"NORDESTE"	23	"CE"	230523	"HORIZONTE"	0	NA	0	"Região (NORDESTE) - Estado (TODOS) - Município (TODOS)"	"2016"	"TODOS"	"Idosos"	"TODOS"	"TODOS"	"TODOS"	"TODOS"	"TODOS"
"NORDESTE"	23	"CE"	230530	"IBIAPINA"	0	NA	0	"Região (NORDESTE) - Estado (TODOS) - Município (TODOS)"	"2016"	"TODOS"	"Idosos"	"TODOS"	"TODOS"	"TODOS"	"TODOS"	"TODOS"
"NORDESTE"	23	"CE"	230533	"IBICUITINGA"	0	NA	0	"Região (NORDESTE) - Estado (TODOS) - Município (TODOS)"	"2016"	"TODOS"	"Idosos"	"TODOS"	"TODOS"	"TODOS"	"TODOS"	"TODOS"
"NORDESTE"	23	"CE"	230535	"ICAPUI"	0	NA	0	"Região (NORDESTE) - Estado (TODOS) - Município (TODOS)"	"2016"	"TODOS"	"Idosos"	"TODOS"	"TODOS"	"TODOS"	"TODOS"	"TODOS"
"NORDESTE"	23	"CE"	230540	"ICO"	0	NA	0	"Região (NORDESTE) - Estado (TODOS) - Município (TODOS)"	"2016"	"TODOS"	"Idosos"	"TODOS"	"TODOS"	"TODOS"	"TODOS"	"TODOS"
"NORDESTE"	23	"CE"	230550	"IGUATU"	0	NA	0	"Região (NORDESTE) - Estado (TODOS) - Município (TODOS)"	"2016"	"TODOS"	"Idosos"	"TODOS"	"TODOS"	"TODOS"	"TODOS"	"TODOS"
"NORDESTE"	23	"CE"	230560	"INDEPENDENCIA"	4	100	4	"Região (NORDESTE) - Estado (TODOS) - Município (TODOS)"	"2016"	"TODOS"	"Idosos"	"TODOS"	"TODOS"	"TODOS"	"TODOS"	"TODOS"
"NORDESTE"	23	"CE"	230565	"IPAPORANGA"	0	NA	0	"Região (NORDESTE) - Estado (TODOS) - Município (TODOS)"	"2016"	"TODOS"	"Idosos"	"TODOS"	"TODOS"	"TODOS"	"TODOS"	"TODOS"
"NORDESTE"	23	"CE"	230580	"IPU"	31	91.18	34	"Região (NORDESTE) - Estado (TODOS) - Município (TODOS)"	"2016"	"TODOS"	"Idosos"	"TODOS"	"TODOS"	"TODOS"	"TODOS"	"TODOS"
"NORDESTE"	23	"CE"	230590	"IPUEIRAS"	4	100	4	"Região (NORDESTE) - Estado (TODOS) - Município (TODOS)"	"2016"	"TODOS"	"Idosos"	"TODOS"	"TODOS"	"TODOS"	"TODOS"	"TODOS"
"NORDESTE"	23	"CE"	230600	"IRACEMA"	0	NA	0	"Região (NORDESTE) - Estado (TODOS) - Município (TODOS)"	"2016"	"TODOS"	"Idosos"	"TODOS"	"TODOS"	"TODOS"	"TODOS"	"TODOS"
"NORDESTE"	23	"CE"	230610	"IRAUCUBA"	0	NA	0	"Região (NORDESTE) - Estado (TODOS) - Município (TODOS)"	"2016"	"TODOS"	"Idosos"	"TODOS"	"TODOS"	"TODOS"	"TODOS"	"TODOS"
"NORDESTE"	23	"CE"	230620	"ITAICABA"	82	74.55	110	"Região (NORDESTE) - Estado (TODOS) - Município (TODOS)"	"2016"	"TODOS"	"Idosos"	"TODOS"	"TODOS"	"TODOS"	"TODOS"	"TODOS"
"NORDESTE"	23	"CE"	230625	"ITAITINGA"	16	84.21	19	"Região (NORDESTE) - Estado (TODOS) - Município (TODOS)"	"2016"	"TODOS"	"Idosos"	"TODOS"	"TODOS"	"TODOS"	"TODOS"	"TODOS"
"NORDESTE"	23	"CE"	230630	"ITAPAGE"	0	NA	0	"Região (NORDESTE) - Estado (TODOS) - Município (TODOS)"	"2016"	"TODOS"	"Idosos"	"TODOS"	"TODOS"	"TODOS"	"TODOS"	"TODOS"
"NORDESTE"	23	"CE"	230640	"ITAPIPOCA"	0	NA	0	"Região (NORDESTE) - Estado (TODOS) - Município (TODOS)"	"2016"	"TODOS"	"Idosos"	"TODOS"	"TODOS"	"TODOS"	"TODOS"	"TODOS"
"NORDESTE"	23	"CE"	230650	"ITAPIUNA"	0	NA	0	"Região (NORDESTE) - Estado (TODOS) - Município (TODOS)"	"2016"	"TODOS"	"Idosos"	"TODOS"	"TODOS"	"TODOS"	"TODOS"	"TODOS"
"NORDESTE"	23	"CE"	230660	"ITATIRA"	16	80	20	"Região (NORDESTE) - Estado (TODOS) - Município (TODOS)"	"2016"	"TODOS"	"Idosos"	"TODOS"	"TODOS"	"TODOS"	"TODOS"	"TODOS"
"NORDESTE"	23	"CE"	230670	"JAGUARETAMA"	30	96.77	31	"Região (NORDESTE) - Estado (TODOS) - Município (TODOS)"	"2016"	"TODOS"	"Idosos"	"TODOS"	"TODOS"	"TODOS"	"TODOS"	"TODOS"
"NORDESTE"	23	"CE"	230680	"JAGUARIBARA"	6	100	6	"Região (NORDESTE) - Estado (TODOS) - Município (TODOS)"	"2016"	"TODOS"	"Idosos"	"TODOS"	"TODOS"	"TODOS"	"TODOS"	"TODOS"
"NORDESTE"	23	"CE"	230690	"JAGUARIBE"	25	89.29	28	"Região (NORDESTE) - Estado (TODOS) - Município (TODOS)"	"2016"	"TODOS"	"Idosos"	"TODOS"	"TODOS"	"TODOS"	"TODOS"	"TODOS"
"NORDESTE"	23	"CE"	230700	"JAGUARUANA"	11	84.62	13	"Região (NORDESTE) - Estado (TODOS) - Município (TODOS)"	"2016"	"TODOS"	"Idosos"	"TODOS"	"TODOS"	"TODOS"	"TODOS"	"TODOS"
"NORDESTE"	23	"CE"	230710	"JARDIM"	0	NA	0	"Região (NORDESTE) - Estado (TODOS) - Município (TODOS)"	"2016"	"TODOS"	"Idosos"	"TODOS"	"TODOS"	"TODOS"	"TODOS"	"TODOS"
"NORDESTE"	23	"CE"	230720	"JATI"	0	NA	0	"Região (NORDESTE) - Estado (TODOS) - Município (TODOS)"	"2016"	"TODOS"	"Idosos"	"TODOS"	"TODOS"	"TODOS"	"TODOS"	"TODOS"
"NORDESTE"	23	"CE"	230725	"JIJOCA DE JERICOACOARA"	0	NA	0	"Região (NORDESTE) - Estado (TODOS) - Município (TODOS)"	"2016"	"TODOS"	"Idosos"	"TODOS"	"TODOS"	"TODOS"	"TODOS"	"TODOS"
"NORDESTE"	23	"CE"	230730	"JUAZEIRO DO NORTE"	7	63.64	11	"Região (NORDESTE) - Estado (TODOS) - Município (TODOS)"	"2016"	"TODOS"	"Idosos"	"TODOS"	"TODOS"	"TODOS"	"TODOS"	"TODOS"
"NORDESTE"	23	"CE"	230740	"JUCAS"	0	NA	0	"Região (NORDESTE) - Estado (TODOS) - Município (TODOS)"	"2016"	"TODOS"	"Idosos"	"TODOS"	"TODOS"	"TODOS"	"TODOS"	"TODOS"
"NORDESTE"	23	"CE"	230750	"LAVRAS DA MANGABEIRA"	0	NA	0	"Região (NORDESTE) - Estado (TODOS) - Município (TODOS)"	"2016"	"TODOS"	"Idosos"	"TODOS"	"TODOS"	"TODOS"	"TODOS"	"TODOS"
"NORDESTE"	23	"CE"	230760	"LIMOEIRO DO NORTE"	0	NA	0	"Região (NORDESTE) - Estado (TODOS) - Município (TODOS)"	"2016"	"TODOS"	"Idosos"	"TODOS"	"TODOS"	"TODOS"	"TODOS"	"TODOS"
"NORDESTE"	23	"CE"	230763	"MADALENA"	0	NA	0	"Região (NORDESTE) - Estado (TODOS) - Município (TODOS)"	"2016"	"TODOS"	"Idosos"	"TODOS"	"TODOS"	"TODOS"	"TODOS"	"TODOS"
"NORDESTE"	23	"CE"	230765	"MARACANAU"	0	NA	0	"Região (NORDESTE) - Estado (TODOS) - Município (TODOS)"	"2016"	"TODOS"	"Idosos"	"TODOS"	"TODOS"	"TODOS"	"TODOS"	"TODOS"
"NORDESTE"	23	"CE"	230770	"MARANGUAPE"	5	100	5	"Região (NORDESTE) - Estado (TODOS) - Município (TODOS)"	"2016"	"TODOS"	"Idosos"	"TODOS"	"TODOS"	"TODOS"	"TODOS"	"TODOS"
"NORDESTE"	23	"CE"	230780	"MARCO"	0	NA	0	"Região (NORDESTE) - Estado (TODOS) - Município (TODOS)"	"2016"	"TODOS"	"Idosos"	"TODOS"	"TODOS"	"TODOS"	"TODOS"	"TODOS"
"NORDESTE"	23	"CE"	230790	"MARTINOPOLE"	0	NA	0	"Região (NORDESTE) - Estado (TODOS) - Município (TODOS)"	"2016"	"TODOS"	"Idosos"	"TODOS"	"TODOS"	"TODOS"	"TODOS"	"TODOS"
"NORDESTE"	23	"CE"	230800	"MASSAPE"	0	NA	0	"Região (NORDESTE) - Estado (TODOS) - Município (TODOS)"	"2016"	"TODOS"	"Idosos"	"TODOS"	"TODOS"	"TODOS"	"TODOS"	"TODOS"
"NORDESTE"	23	"CE"	230810	"MAURITI"	0	NA	0	"Região (NORDESTE) - Estado (TODOS) - Município (TODOS)"	"2016"	"TODOS"	"Idosos"	"TODOS"	"TODOS"	"TODOS"	"TODOS"	"TODOS"
"NORDESTE"	23	"CE"	230820	"MERUOCA"	0	NA	0	"Região (NORDESTE) - Estado (TODOS) - Município (TODOS)"	"2016"	"TODOS"	"Idosos"	"TODOS"	"TODOS"	"TODOS"	"TODOS"	"TODOS"
"NORDESTE"	23	"CE"	230830	"MILAGRES"	0	NA	0	"Região (NORDESTE) - Estado (TODOS) - Município (TODOS)"	"2016"	"TODOS"	"Idosos"	"TODOS"	"TODOS"	"TODOS"	"TODOS"	"TODOS"
"NORDESTE"	23	"CE"	230835	"MILHA"	0	NA	0	"Região (NORDESTE) - Estado (TODOS) - Município (TODOS)"	"2016"	"TODOS"	"Idosos"	"TODOS"	"TODOS"	"TODOS"	"TODOS"	"TODOS"
"NORDESTE"	23	"CE"	230837	"MIRAIMA"	5	100	5	"Região (NORDESTE) - Estado (TODOS) - Município (TODOS)"	"2016"	"TODOS"	"Idosos"	"TODOS"	"TODOS"	"TODOS"	"TODOS"	"TODOS"
"NORDESTE"	23	"CE"	230840	"MISSAO VELHA"	0	NA	0	"Região (NORDESTE) - Estado (TODOS) - Município (TODOS)"	"2016"	"TODOS"	"Idosos"	"TODOS"	"TODOS"	"TODOS"	"TODOS"	"TODOS"
"NORDESTE"	23	"CE"	230850	"MOMBACA"	0	NA	0	"Região (NORDESTE) - Estado (TODOS) - Município (TODOS)"	"2016"	"TODOS"	"Idosos"	"TODOS"	"TODOS"	"TODOS"	"TODOS"	"TODOS"
"NORDESTE"	23	"CE"	230860	"MONSENHOR TABOSA"	1	100	1	"Região (NORDESTE) - Estado (TODOS) - Município (TODOS)"	"2016"	"TODOS"	"Idosos"	"TODOS"	"TODOS"	"TODOS"	"TODOS"	"TODOS"
"NORDESTE"	23	"CE"	230870	"MORADA NOVA"	0	NA	0	"Região (NORDESTE) - Estado (TODOS) - Município (TODOS)"	"2016"	"TODOS"	"Idosos"	"TODOS"	"TODOS"	"TODOS"	"TODOS"	"TODOS"
"NORDESTE"	23	"CE"	230890	"MORRINHOS"	0	NA	0	"Região (NORDESTE) - Estado (TODOS) - Município (TODOS)"	"2016"	"TODOS"	"Idosos"	"TODOS"	"TODOS"	"TODOS"	"TODOS"	"TODOS"
"NORDESTE"	23	"CE"	230900	"MUCAMBO"	72	80.9	89	"Região (NORDESTE) - Estado (TODOS) - Município (TODOS)"	"2016"	"TODOS"	"Idosos"	"TODOS"	"TODOS"	"TODOS"	"TODOS"	"TODOS"
"NORDESTE"	23	"CE"	230910	"MULUNGU"	0	NA	0	"Região (NORDESTE) - Estado (TODOS) - Município (TODOS)"	"2016"	"TODOS"	"Idosos"	"TODOS"	"TODOS"	"TODOS"	"TODOS"	"TODOS"
"NORDESTE"	23	"CE"	230920	"NOVA OLINDA"	0	NA	0	"Região (NORDESTE) - Estado (TODOS) - Município (TODOS)"	"2016"	"TODOS"	"Idosos"	"TODOS"	"TODOS"	"TODOS"	"TODOS"	"TODOS"
"NORDESTE"	23	"CE"	230930	"NOVA RUSSAS"	4	66.67	6	"Região (NORDESTE) - Estado (TODOS) - Município (TODOS)"	"2016"	"TODOS"	"Idosos"	"TODOS"	"TODOS"	"TODOS"	"TODOS"	"TODOS"
"NORDESTE"	23	"CE"	230940	"NOVO ORIENTE"	0	NA	0	"Região (NORDESTE) - Estado (TODOS) - Município (TODOS)"	"2016"	"TODOS"	"Idosos"	"TODOS"	"TODOS"	"TODOS"	"TODOS"	"TODOS"
"NORDESTE"	23	"CE"	230950	"OROS"	0	NA	0	"Região (NORDESTE) - Estado (TODOS) - Município (TODOS)"	"2016"	"TODOS"	"Idosos"	"TODOS"	"TODOS"	"TODOS"	"TODOS"	"TODOS"
"NORDESTE"	23	"CE"	230960	"PACAJUS"	0	NA	0	"Região (NORDESTE) - Estado (TODOS) - Município (TODOS)"	"2016"	"TODOS"	"Idosos"	"TODOS"	"TODOS"	"TODOS"	"TODOS"	"TODOS"
"NORDESTE"	23	"CE"	230970	"PACATUBA"	78	76.47	102	"Região (NORDESTE) - Estado (TODOS) - Município (TODOS)"	"2016"	"TODOS"	"Idosos"	"TODOS"	"TODOS"	"TODOS"	"TODOS"	"TODOS"
"NORDESTE"	23	"CE"	230980	"PACOTI"	0	NA	0	"Região (NORDESTE) - Estado (TODOS) - Município (TODOS)"	"2016"	"TODOS"	"Idosos"	"TODOS"	"TODOS"	"TODOS"	"TODOS"	"TODOS"
"NORDESTE"	23	"CE"	230990	"PACUJA"	0	NA	0	"Região (NORDESTE) - Estado (TODOS) - Município (TODOS)"	"2016"	"TODOS"	"Idosos"	"TODOS"	"TODOS"	"TODOS"	"TODOS"	"TODOS"
"NORDESTE"	23	"CE"	231000	"PALHANO"	74	100	74	"Região (NORDESTE) - Estado (TODOS) - Município (TODOS)"	"2016"	"TODOS"	"Idosos"	"TODOS"	"TODOS"	"TODOS"	"TODOS"	"TODOS"
"NORDESTE"	23	"CE"	231010	"PALMACIA"	0	NA	0	"Região (NORDESTE) - Estado (TODOS) - Município (TODOS)"	"2016"	"TODOS"	"Idosos"	"TODOS"	"TODOS"	"TODOS"	"TODOS"	"TODOS"
"NORDESTE"	23	"CE"	231020	"PARACURU"	0	NA	0	"Região (NORDESTE) - Estado (TODOS) - Município (TODOS)"	"2016"	"TODOS"	"Idosos"	"TODOS"	"TODOS"	"TODOS"	"TODOS"	"TODOS"
"NORDESTE"	23	"CE"	231030	"PARAMBU"	19	79.17	24	"Região (NORDESTE) - Estado (TODOS) - Município (TODOS)"	"2016"	"TODOS"	"Idosos"	"TODOS"	"TODOS"	"TODOS"	"TODOS"	"TODOS"
"NORDESTE"	23	"CE"	231040	"PARAMOTI"	0	NA	0	"Região (NORDESTE) - Estado (TODOS) - Município (TODOS)"	"2016"	"TODOS"	"Idosos"	"TODOS"	"TODOS"	"TODOS"	"TODOS"	"TODOS"
"NORDESTE"	23	"CE"	231050	"PEDRA BRANCA"	0	NA	0	"Região (NORDESTE) - Estado (TODOS) - Município (TODOS)"	"2016"	"TODOS"	"Idosos"	"TODOS"	"TODOS"	"TODOS"	"TODOS"	"TODOS"
"NORDESTE"	23	"CE"	231070	"PENTECOSTE"	13	92.86	14	"Região (NORDESTE) - Estado (TODOS) - Município (TODOS)"	"2016"	"TODOS"	"Idosos"	"TODOS"	"TODOS"	"TODOS"	"TODOS"	"TODOS"
"NORDESTE"	23	"CE"	231080	"PEREIRO"	0	NA	0	"Região (NORDESTE) - Estado (TODOS) - Município (TODOS)"	"2016"	"TODOS"	"Idosos"	"TODOS"	"TODOS"	"TODOS"	"TODOS"	"TODOS"
"NORDESTE"	23	"CE"	231085	"PINDORETAMA"	0	NA	0	"Região (NORDESTE) - Estado (TODOS) - Município (TODOS)"	"2016"	"TODOS"	"Idosos"	"TODOS"	"TODOS"	"TODOS"	"TODOS"	"TODOS"
"NORDESTE"	23	"CE"	231090	"PIQUET CARNEIRO"	21	84	25	"Região (NORDESTE) - Estado (TODOS) - Município (TODOS)"	"2016"	"TODOS"	"Idosos"	"TODOS"	"TODOS"	"TODOS"	"TODOS"	"TODOS"
"NORDESTE"	23	"CE"	231095	"PIRES FERREIRA"	0	NA	0	"Região (NORDESTE) - Estado (TODOS) - Município (TODOS)"	"2016"	"TODOS"	"Idosos"	"TODOS"	"TODOS"	"TODOS"	"TODOS"	"TODOS"
"NORDESTE"	23	"CE"	231110	"PORTEIRAS"	0	NA	0	"Região (NORDESTE) - Estado (TODOS) - Município (TODOS)"	"2016"	"TODOS"	"Idosos"	"TODOS"	"TODOS"	"TODOS"	"TODOS"	"TODOS"
"NORDESTE"	23	"CE"	231120	"POTENGI"	0	NA	0	"Região (NORDESTE) - Estado (TODOS) - Município (TODOS)"	"2016"	"TODOS"	"Idosos"	"TODOS"	"TODOS"	"TODOS"	"TODOS"	"TODOS"
"NORDESTE"	23	"CE"	231123	"POTIRETAMA"	0	NA	0	"Região (NORDESTE) - Estado (TODOS) - Município (TODOS)"	"2016"	"TODOS"	"Idosos"	"TODOS"	"TODOS"	"TODOS"	"TODOS"	"TODOS"
"NORDESTE"	23	"CE"	231126	"QUITERIANOPOLIS"	0	NA	0	"Região (NORDESTE) - Estado (TODOS) - Município (TODOS)"	"2016"	"TODOS"	"Idosos"	"TODOS"	"TODOS"	"TODOS"	"TODOS"	"TODOS"
"NORDESTE"	23	"CE"	231130	"QUIXADA"	0	NA	0	"Região (NORDESTE) - Estado (TODOS) - Município (TODOS)"	"2016"	"TODOS"	"Idosos"	"TODOS"	"TODOS"	"TODOS"	"TODOS"	"TODOS"
"NORDESTE"	23	"CE"	231135	"QUIXELO"	31	96.88	32	"Região (NORDESTE) - Estado (TODOS) - Município (TODOS)"	"2016"	"TODOS"	"Idosos"	"TODOS"	"TODOS"	"TODOS"	"TODOS"	"TODOS"
"NORDESTE"	23	"CE"	231140	"QUIXERAMOBIM"	10	83.33	12	"Região (NORDESTE) - Estado (TODOS) - Município (TODOS)"	"2016"	"TODOS"	"Idosos"	"TODOS"	"TODOS"	"TODOS"	"TODOS"	"TODOS"
"NORDESTE"	23	"CE"	231150	"QUIXERE"	54	71.05	76	"Região (NORDESTE) - Estado (TODOS) - Município (TODOS)"	"2016"	"TODOS"	"Idosos"	"TODOS"	"TODOS"	"TODOS"	"TODOS"	"TODOS"
"NORDESTE"	23	"CE"	231160	"REDENCAO"	0	NA	0	"Região (NORDESTE) - Estado (TODOS) - Município (TODOS)"	"2016"	"TODOS"	"Idosos"	"TODOS"	"TODOS"	"TODOS"	"TODOS"	"TODOS"
"NORDESTE"	23	"CE"	231170	"RERIUTABA"	24	92.31	26	"Região (NORDESTE) - Estado (TODOS) - Município (TODOS)"	"2016"	"TODOS"	"Idosos"	"TODOS"	"TODOS"	"TODOS"	"TODOS"	"TODOS"
"NORDESTE"	23	"CE"	231180	"RUSSAS"	0	NA	0	"Região (NORDESTE) - Estado (TODOS) - Município (TODOS)"	"2016"	"TODOS"	"Idosos"	"TODOS"	"TODOS"	"TODOS"	"TODOS"	"TODOS"
"NORDESTE"	23	"CE"	231190	"SABOEIRO"	0	NA	0	"Região (NORDESTE) - Estado (TODOS) - Município (TODOS)"	"2016"	"TODOS"	"Idosos"	"TODOS"	"TODOS"	"TODOS"	"TODOS"	"TODOS"
"NORDESTE"	23	"CE"	231195	"SALITRE"	0	NA	0	"Região (NORDESTE) - Estado (TODOS) - Município (TODOS)"	"2016"	"TODOS"	"Idosos"	"TODOS"	"TODOS"	"TODOS"	"TODOS"	"TODOS"
"NORDESTE"	23	"CE"	231220	"SANTA QUITERIA"	0	NA	0	"Região (NORDESTE) - Estado (TODOS) - Município (TODOS)"	"2016"	"TODOS"	"Idosos"	"TODOS"	"TODOS"	"TODOS"	"TODOS"	"TODOS"
"NORDESTE"	23	"CE"	231210	"SANTANA DO CARIRI"	0	NA	0	"Região (NORDESTE) - Estado (TODOS) - Município (TODOS)"	"2016"	"TODOS"	"Idosos"	"TODOS"	"TODOS"	"TODOS"	"TODOS"	"TODOS"
"NORDESTE"	23	"CE"	231230	"SAO BENEDITO"	0	NA	0	"Região (NORDESTE) - Estado (TODOS) - Município (TODOS)"	"2016"	"TODOS"	"Idosos"	"TODOS"	"TODOS"	"TODOS"	"TODOS"	"TODOS"
"NORDESTE"	23	"CE"	231240	"SAO GONCALO DO AMARANTE"	0	NA	0	"Região (NORDESTE) - Estado (TODOS) - Município (TODOS)"	"2016"	"TODOS"	"Idosos"	"TODOS"	"TODOS"	"TODOS"	"TODOS"	"TODOS"
"NORDESTE"	23	"CE"	231250	"SAO JOAO DO JAGUARIBE"	0	NA	0	"Região (NORDESTE) - Estado (TODOS) - Município (TODOS)"	"2016"	"TODOS"	"Idosos"	"TODOS"	"TODOS"	"TODOS"	"TODOS"	"TODOS"
"NORDESTE"	23	"CE"	231260	"SAO LUIS DO CURU"	0	NA	0	"Região (NORDESTE) - Estado (TODOS) - Município (TODOS)"	"2016"	"TODOS"	"Idosos"	"TODOS"	"TODOS"	"TODOS"	"TODOS"	"TODOS"
"NORDESTE"	23	"CE"	231270	"SENADOR POMPEU"	0	NA	0	"Região (NORDESTE) - Estado (TODOS) - Município (TODOS)"	"2016"	"TODOS"	"Idosos"	"TODOS"	"TODOS"	"TODOS"	"TODOS"	"TODOS"
"NORDESTE"	23	"CE"	231290	"SOBRAL"	20	83.33	24	"Região (NORDESTE) - Estado (TODOS) - Município (TODOS)"	"2016"	"TODOS"	"Idosos"	"TODOS"	"TODOS"	"TODOS"	"TODOS"	"TODOS"
"NORDESTE"	23	"CE"	231300	"SOLONOPOLE"	0	NA	0	"Região (NORDESTE) - Estado (TODOS) - Município (TODOS)"	"2016"	"TODOS"	"Idosos"	"TODOS"	"TODOS"	"TODOS"	"TODOS"	"TODOS"
"NORDESTE"	23	"CE"	231310	"TABULEIRO DO NORTE"	0	NA	0	"Região (NORDESTE) - Estado (TODOS) - Município (TODOS)"	"2016"	"TODOS"	"Idosos"	"TODOS"	"TODOS"	"TODOS"	"TODOS"	"TODOS"
"NORDESTE"	23	"CE"	231320	"TAMBORIL"	9	100	9	"Região (NORDESTE) - Estado (TODOS) - Município (TODOS)"	"2016"	"TODOS"	"Idosos"	"TODOS"	"TODOS"	"TODOS"	"TODOS"	"TODOS"
"NORDESTE"	23	"CE"	231325	"TARRAFAS"	0	NA	0	"Região (NORDESTE) - Estado (TODOS) - Município (TODOS)"	"2016"	"TODOS"	"Idosos"	"TODOS"	"TODOS"	"TODOS"	"TODOS"	"TODOS"
"NORDESTE"	23	"CE"	231330	"TAUA"	0	NA	0	"Região (NORDESTE) - Estado (TODOS) - Município (TODOS)"	"2016"	"TODOS"	"Idosos"	"TODOS"	"TODOS"	"TODOS"	"TODOS"	"TODOS"
"NORDESTE"	23	"CE"	231335	"TEJUCUOCA"	0	NA	0	"Região (NORDESTE) - Estado (TODOS) - Município (TODOS)"	"2016"	"TODOS"	"Idosos"	"TODOS"	"TODOS"	"TODOS"	"TODOS"	"TODOS"
"NORDESTE"	23	"CE"	231340	"TIANGUA"	0	NA	0	"Região (NORDESTE) - Estado (TODOS) - Município (TODOS)"	"2016"	"TODOS"	"Idosos"	"TODOS"	"TODOS"	"TODOS"	"TODOS"	"TODOS"
"NORDESTE"	23	"CE"	231350	"TRAIRI"	0	NA	0	"Região (NORDESTE) - Estado (TODOS) - Município (TODOS)"	"2016"	"TODOS"	"Idosos"	"TODOS"	"TODOS"	"TODOS"	"TODOS"	"TODOS"
"NORDESTE"	23	"CE"	231355	"TURURU"	0	NA	0	"Região (NORDESTE) - Estado (TODOS) - Município (TODOS)"	"2016"	"TODOS"	"Idosos"	"TODOS"	"TODOS"	"TODOS"	"TODOS"	"TODOS"
"NORDESTE"	23	"CE"	231360	"UBAJARA"	0	NA	0	"Região (NORDESTE) - Estado (TODOS) - Município (TODOS)"	"2016"	"TODOS"	"Idosos"	"TODOS"	"TODOS"	"TODOS"	"TODOS"	"TODOS"
"NORDESTE"	23	"CE"	231390	"URUOCA"	2	100	2	"Região (NORDESTE) - Estado (TODOS) - Município (TODOS)"	"2016"	"TODOS"	"Idosos"	"TODOS"	"TODOS"	"TODOS"	"TODOS"	"TODOS"
"NORDESTE"	23	"CE"	231395	"VARJOTA"	4	66.67	6	"Região (NORDESTE) - Estado (TODOS) - Município (TODOS)"	"2016"	"TODOS"	"Idosos"	"TODOS"	"TODOS"	"TODOS"	"TODOS"	"TODOS"
"NORDESTE"	23	"CE"	231400	"VARZEA ALEGRE"	0	NA	0	"Região (NORDESTE) - Estado (TODOS) - Município (TODOS)"	"2016"	"TODOS"	"Idosos"	"TODOS"	"TODOS"	"TODOS"	"TODOS"	"TODOS"
"NORDESTE"	23	"CE"	231410	"VICOSA DO CEARA"	30	96.77	31	"Região (NORDESTE) - Estado (TODOS) - Município (TODOS)"	"2016"	"TODOS"	"Idosos"	"TODOS"	"TODOS"	"TODOS"	"TODOS"	"TODOS"
"NORDESTE"	23	"CE"	230015	"ACARAPE"	0	NA	0	"Região (NORDESTE) - Estado (TODOS) - Município (TODOS)"	"2017"	"TODOS"	"Idosos"	"TODOS"	"TODOS"	"TODOS"	"TODOS"	"TODOS"
"NORDESTE"	23	"CE"	230020	"ACARAU"	1	100	1	"Região (NORDESTE) - Estado (TODOS) - Município (TODOS)"	"2017"	"TODOS"	"Idosos"	"TODOS"	"TODOS"	"TODOS"	"TODOS"	"TODOS"
"NORDESTE"	23	"CE"	230030	"ACOPIARA"	0	NA	0	"Região (NORDESTE) - Estado (TODOS) - Município (TODOS)"	"2017"	"TODOS"	"Idosos"	"TODOS"	"TODOS"	"TODOS"	"TODOS"	"TODOS"
"NORDESTE"	23	"CE"	230040	"AIUABA"	0	NA	0	"Região (NORDESTE) - Estado (TODOS) - Município (TODOS)"	"2017"	"TODOS"	"Idosos"	"TODOS"	"TODOS"	"TODOS"	"TODOS"	"TODOS"
"NORDESTE"	23	"CE"	230050	"ALCANTARAS"	0	NA	0	"Região (NORDESTE) - Estado (TODOS) - Município (TODOS)"	"2017"	"TODOS"	"Idosos"	"TODOS"	"TODOS"	"TODOS"	"TODOS"	"TODOS"
"NORDESTE"	23	"CE"	230060	"ALTANEIRA"	0	NA	0	"Região (NORDESTE) - Estado (TODOS) - Município (TODOS)"	"2017"	"TODOS"	"Idosos"	"TODOS"	"TODOS"	"TODOS"	"TODOS"	"TODOS"
"NORDESTE"	23	"CE"	230070	"ALTO SANTO"	0	NA	0	"Região (NORDESTE) - Estado (TODOS) - Município (TODOS)"	"2017"	"TODOS"	"Idosos"	"TODOS"	"TODOS"	"TODOS"	"TODOS"	"TODOS"
"NORDESTE"	23	"CE"	230075	"AMONTADA"	0	NA	0	"Região (NORDESTE) - Estado (TODOS) - Município (TODOS)"	"2017"	"TODOS"	"Idosos"	"TODOS"	"TODOS"	"TODOS"	"TODOS"	"TODOS"
"NORDESTE"	23	"CE"	230080	"ANTONINA DO NORTE"	0	NA	0	"Região (NORDESTE) - Estado (TODOS) - Município (TODOS)"	"2017"	"TODOS"	"Idosos"	"TODOS"	"TODOS"	"TODOS"	"TODOS"	"TODOS"
"NORDESTE"	23	"CE"	230090	"APUIARES"	0	NA	0	"Região (NORDESTE) - Estado (TODOS) - Município (TODOS)"	"2017"	"TODOS"	"Idosos"	"TODOS"	"TODOS"	"TODOS"	"TODOS"	"TODOS"
"NORDESTE"	23	"CE"	230100	"AQUIRAZ"	0	NA	0	"Região (NORDESTE) - Estado (TODOS) - Município (TODOS)"	"2017"	"TODOS"	"Idosos"	"TODOS"	"TODOS"	"TODOS"	"TODOS"	"TODOS"
"NORDESTE"	23	"CE"	230110	"ARACATI"	0	NA	0	"Região (NORDESTE) - Estado (TODOS) - Município (TODOS)"	"2017"	"TODOS"	"Idosos"	"TODOS"	"TODOS"	"TODOS"	"TODOS"	"TODOS"
"NORDESTE"	23	"CE"	230120	"ARACOIABA"	0	NA	0	"Região (NORDESTE) - Estado (TODOS) - Município (TODOS)"	"2017"	"TODOS"	"Idosos"	"TODOS"	"TODOS"	"TODOS"	"TODOS"	"TODOS"
"NORDESTE"	23	"CE"	230125	"ARARENDA"	0	NA	0	"Região (NORDESTE) - Estado (TODOS) - Município (TODOS)"	"2017"	"TODOS"	"Idosos"	"TODOS"	"TODOS"	"TODOS"	"TODOS"	"TODOS"
"NORDESTE"	23	"CE"	230130	"ARARIPE"	0	NA	0	"Região (NORDESTE) - Estado (TODOS) - Município (TODOS)"	"2017"	"TODOS"	"Idosos"	"TODOS"	"TODOS"	"TODOS"	"TODOS"	"TODOS"
"NORDESTE"	23	"CE"	230140	"ARATUBA"	0	NA	0	"Região (NORDESTE) - Estado (TODOS) - Município (TODOS)"	"2017"	"TODOS"	"Idosos"	"TODOS"	"TODOS"	"TODOS"	"TODOS"	"TODOS"
"NORDESTE"	23	"CE"	230160	"ASSARE"	8	57.14	14	"Região (NORDESTE) - Estado (TODOS) - Município (TODOS)"	"2017"	"TODOS"	"Idosos"	"TODOS"	"TODOS"	"TODOS"	"TODOS"	"TODOS"
"NORDESTE"	23	"CE"	230170	"AURORA"	0	NA	0	"Região (NORDESTE) - Estado (TODOS) - Município (TODOS)"	"2017"	"TODOS"	"Idosos"	"TODOS"	"TODOS"	"TODOS"	"TODOS"	"TODOS"
"NORDESTE"	23	"CE"	230180	"BAIXIO"	0	NA	0	"Região (NORDESTE) - Estado (TODOS) - Município (TODOS)"	"2017"	"TODOS"	"Idosos"	"TODOS"	"TODOS"	"TODOS"	"TODOS"	"TODOS"
"NORDESTE"	23	"CE"	230185	"BANABUIU"	1	100	1	"Região (NORDESTE) - Estado (TODOS) - Município (TODOS)"	"2017"	"TODOS"	"Idosos"	"TODOS"	"TODOS"	"TODOS"	"TODOS"	"TODOS"
"NORDESTE"	23	"CE"	230190	"BARBALHA"	0	NA	0	"Região (NORDESTE) - Estado (TODOS) - Município (TODOS)"	"2017"	"TODOS"	"Idosos"	"TODOS"	"TODOS"	"TODOS"	"TODOS"	"TODOS"
"NORDESTE"	23	"CE"	230200	"BARRO"	1	100	1	"Região (NORDESTE) - Estado (TODOS) - Município (TODOS)"	"2017"	"TODOS"	"Idosos"	"TODOS"	"TODOS"	"TODOS"	"TODOS"	"TODOS"
"NORDESTE"	23	"CE"	230205	"BARROQUINHA"	0	NA	0	"Região (NORDESTE) - Estado (TODOS) - Município (TODOS)"	"2017"	"TODOS"	"Idosos"	"TODOS"	"TODOS"	"TODOS"	"TODOS"	"TODOS"
"NORDESTE"	23	"CE"	230210	"BATURITE"	0	NA	0	"Região (NORDESTE) - Estado (TODOS) - Município (TODOS)"	"2017"	"TODOS"	"Idosos"	"TODOS"	"TODOS"	"TODOS"	"TODOS"	"TODOS"
"NORDESTE"	23	"CE"	230220	"BEBERIBE"	0	NA	0	"Região (NORDESTE) - Estado (TODOS) - Município (TODOS)"	"2017"	"TODOS"	"Idosos"	"TODOS"	"TODOS"	"TODOS"	"TODOS"	"TODOS"
"NORDESTE"	23	"CE"	230230	"BELA CRUZ"	16	88.89	18	"Região (NORDESTE) - Estado (TODOS) - Município (TODOS)"	"2017"	"TODOS"	"Idosos"	"TODOS"	"TODOS"	"TODOS"	"TODOS"	"TODOS"
"NORDESTE"	23	"CE"	230240	"BOA VIAGEM"	0	NA	0	"Região (NORDESTE) - Estado (TODOS) - Município (TODOS)"	"2017"	"TODOS"	"Idosos"	"TODOS"	"TODOS"	"TODOS"	"TODOS"	"TODOS"
"NORDESTE"	23	"CE"	230250	"BREJO SANTO"	0	NA	0	"Região (NORDESTE) - Estado (TODOS) - Município (TODOS)"	"2017"	"TODOS"	"Idosos"	"TODOS"	"TODOS"	"TODOS"	"TODOS"	"TODOS"
"NORDESTE"	23	"CE"	230260	"CAMOCIM"	0	NA	1	"Região (NORDESTE) - Estado (TODOS) - Município (TODOS)"	"2017"	"TODOS"	"Idosos"	"TODOS"	"TODOS"	"TODOS"	"TODOS"	"TODOS"
"NORDESTE"	23	"CE"	230270	"CAMPOS SALES"	42	100	42	"Região (NORDESTE) - Estado (TODOS) - Município (TODOS)"	"2017"	"TODOS"	"Idosos"	"TODOS"	"TODOS"	"TODOS"	"TODOS"	"TODOS"
"NORDESTE"	23	"CE"	230280	"CANINDE"	0	NA	0	"Região (NORDESTE) - Estado (TODOS) - Município (TODOS)"	"2017"	"TODOS"	"Idosos"	"TODOS"	"TODOS"	"TODOS"	"TODOS"	"TODOS"
"NORDESTE"	23	"CE"	230290	"CAPISTRANO"	0	NA	0	"Região (NORDESTE) - Estado (TODOS) - Município (TODOS)"	"2017"	"TODOS"	"Idosos"	"TODOS"	"TODOS"	"TODOS"	"TODOS"	"TODOS"
"NORDESTE"	23	"CE"	230300	"CARIDADE"	0	NA	0	"Região (NORDESTE) - Estado (TODOS) - Município (TODOS)"	"2017"	"TODOS"	"Idosos"	"TODOS"	"TODOS"	"TODOS"	"TODOS"	"TODOS"
"NORDESTE"	23	"CE"	230310	"CARIRE"	0	NA	0	"Região (NORDESTE) - Estado (TODOS) - Município (TODOS)"	"2017"	"TODOS"	"Idosos"	"TODOS"	"TODOS"	"TODOS"	"TODOS"	"TODOS"
"NORDESTE"	23	"CE"	230320	"CARIRIACU"	2	100	2	"Região (NORDESTE) - Estado (TODOS) - Município (TODOS)"	"2017"	"TODOS"	"Idosos"	"TODOS"	"TODOS"	"TODOS"	"TODOS"	"TODOS"
"NORDESTE"	23	"CE"	230330	"CARIUS"	1	100	1	"Região (NORDESTE) - Estado (TODOS) - Município (TODOS)"	"2017"	"TODOS"	"Idosos"	"TODOS"	"TODOS"	"TODOS"	"TODOS"	"TODOS"
"NORDESTE"	23	"CE"	230340	"CARNAUBAL"	0	NA	0	"Região (NORDESTE) - Estado (TODOS) - Município (TODOS)"	"2017"	"TODOS"	"Idosos"	"TODOS"	"TODOS"	"TODOS"	"TODOS"	"TODOS"
"NORDESTE"	23	"CE"	230350	"CASCAVEL"	0	NA	1	"Região (NORDESTE) - Estado (TODOS) - Município (TODOS)"	"2017"	"TODOS"	"Idosos"	"TODOS"	"TODOS"	"TODOS"	"TODOS"	"TODOS"
"NORDESTE"	23	"CE"	230360	"CATARINA"	0	NA	0	"Região (NORDESTE) - Estado (TODOS) - Município (TODOS)"	"2017"	"TODOS"	"Idosos"	"TODOS"	"TODOS"	"TODOS"	"TODOS"	"TODOS"
"NORDESTE"	23	"CE"	230365	"CATUNDA"	0	NA	0	"Região (NORDESTE) - Estado (TODOS) - Município (TODOS)"	"2017"	"TODOS"	"Idosos"	"TODOS"	"TODOS"	"TODOS"	"TODOS"	"TODOS"
"NORDESTE"	23	"CE"	230370	"CAUCAIA"	0	NA	0	"Região (NORDESTE) - Estado (TODOS) - Município (TODOS)"	"2017"	"TODOS"	"Idosos"	"TODOS"	"TODOS"	"TODOS"	"TODOS"	"TODOS"
"NORDESTE"	23	"CE"	230380	"CEDRO"	0	NA	0	"Região (NORDESTE) - Estado (TODOS) - Município (TODOS)"	"2017"	"TODOS"	"Idosos"	"TODOS"	"TODOS"	"TODOS"	"TODOS"	"TODOS"
"NORDESTE"	23	"CE"	230390	"CHAVAL"	0	NA	0	"Região (NORDESTE) - Estado (TODOS) - Município (TODOS)"	"2017"	"TODOS"	"Idosos"	"TODOS"	"TODOS"	"TODOS"	"TODOS"	"TODOS"
"NORDESTE"	23	"CE"	230393	"CHORO"	0	NA	0	"Região (NORDESTE) - Estado (TODOS) - Município (TODOS)"	"2017"	"TODOS"	"Idosos"	"TODOS"	"TODOS"	"TODOS"	"TODOS"	"TODOS"
"NORDESTE"	23	"CE"	230395	"CHOROZINHO"	0	NA	0	"Região (NORDESTE) - Estado (TODOS) - Município (TODOS)"	"2017"	"TODOS"	"Idosos"	"TODOS"	"TODOS"	"TODOS"	"TODOS"	"TODOS"
"NORDESTE"	23	"CE"	230400	"COREAU"	0	NA	0	"Região (NORDESTE) - Estado (TODOS) - Município (TODOS)"	"2017"	"TODOS"	"Idosos"	"TODOS"	"TODOS"	"TODOS"	"TODOS"	"TODOS"
"NORDESTE"	23	"CE"	230410	"CRATEUS"	0	NA	0	"Região (NORDESTE) - Estado (TODOS) - Município (TODOS)"	"2017"	"TODOS"	"Idosos"	"TODOS"	"TODOS"	"TODOS"	"TODOS"	"TODOS"
"NORDESTE"	23	"CE"	230420	"CRATO"	10	90.91	11	"Região (NORDESTE) - Estado (TODOS) - Município (TODOS)"	"2017"	"TODOS"	"Idosos"	"TODOS"	"TODOS"	"TODOS"	"TODOS"	"TODOS"
"NORDESTE"	23	"CE"	230423	"CROATA"	0	NA	0	"Região (NORDESTE) - Estado (TODOS) - Município (TODOS)"	"2017"	"TODOS"	"Idosos"	"TODOS"	"TODOS"	"TODOS"	"TODOS"	"TODOS"
"NORDESTE"	23	"CE"	230425	"CRUZ"	4	80	5	"Região (NORDESTE) - Estado (TODOS) - Município (TODOS)"	"2017"	"TODOS"	"Idosos"	"TODOS"	"TODOS"	"TODOS"	"TODOS"	"TODOS"
"NORDESTE"	23	"CE"	230426	"DEPUTADO IRAPUAN PINHEIRO"	0	NA	0	"Região (NORDESTE) - Estado (TODOS) - Município (TODOS)"	"2017"	"TODOS"	"Idosos"	"TODOS"	"TODOS"	"TODOS"	"TODOS"	"TODOS"
"NORDESTE"	23	"CE"	230427	"ERERE"	0	NA	0	"Região (NORDESTE) - Estado (TODOS) - Município (TODOS)"	"2017"	"TODOS"	"Idosos"	"TODOS"	"TODOS"	"TODOS"	"TODOS"	"TODOS"
"NORDESTE"	23	"CE"	230428	"EUSEBIO"	0	NA	1	"Região (NORDESTE) - Estado (TODOS) - Município (TODOS)"	"2017"	"TODOS"	"Idosos"	"TODOS"	"TODOS"	"TODOS"	"TODOS"	"TODOS"
"NORDESTE"	23	"CE"	230430	"FARIAS BRITO"	112	87.5	128	"Região (NORDESTE) - Estado (TODOS) - Município (TODOS)"	"2017"	"TODOS"	"Idosos"	"TODOS"	"TODOS"	"TODOS"	"TODOS"	"TODOS"
"NORDESTE"	23	"CE"	230435	"FORQUILHA"	0	NA	0	"Região (NORDESTE) - Estado (TODOS) - Município (TODOS)"	"2017"	"TODOS"	"Idosos"	"TODOS"	"TODOS"	"TODOS"	"TODOS"	"TODOS"
"NORDESTE"	23	"CE"	230440	"FORTALEZA"	4	66.67	6	"Região (NORDESTE) - Estado (TODOS) - Município (TODOS)"	"2017"	"TODOS"	"Idosos"	"TODOS"	"TODOS"	"TODOS"	"TODOS"	"TODOS"
"NORDESTE"	23	"CE"	230445	"FORTIM"	2	25	8	"Região (NORDESTE) - Estado (TODOS) - Município (TODOS)"	"2017"	"TODOS"	"Idosos"	"TODOS"	"TODOS"	"TODOS"	"TODOS"	"TODOS"
"NORDESTE"	23	"CE"	230450	"FRECHEIRINHA"	0	NA	1	"Região (NORDESTE) - Estado (TODOS) - Município (TODOS)"	"2017"	"TODOS"	"Idosos"	"TODOS"	"TODOS"	"TODOS"	"TODOS"	"TODOS"
"NORDESTE"	23	"CE"	230465	"GRACA"	0	NA	0	"Região (NORDESTE) - Estado (TODOS) - Município (TODOS)"	"2017"	"TODOS"	"Idosos"	"TODOS"	"TODOS"	"TODOS"	"TODOS"	"TODOS"
"NORDESTE"	23	"CE"	230470	"GRANJA"	4	100	4	"Região (NORDESTE) - Estado (TODOS) - Município (TODOS)"	"2017"	"TODOS"	"Idosos"	"TODOS"	"TODOS"	"TODOS"	"TODOS"	"TODOS"
"NORDESTE"	23	"CE"	230495	"GUAIUBA"	0	NA	0	"Região (NORDESTE) - Estado (TODOS) - Município (TODOS)"	"2017"	"TODOS"	"Idosos"	"TODOS"	"TODOS"	"TODOS"	"TODOS"	"TODOS"
"NORDESTE"	23	"CE"	230500	"GUARACIABA DO NORTE"	0	NA	0	"Região (NORDESTE) - Estado (TODOS) - Município (TODOS)"	"2017"	"TODOS"	"Idosos"	"TODOS"	"TODOS"	"TODOS"	"TODOS"	"TODOS"
"NORDESTE"	23	"CE"	230510	"GUARAMIRANGA"	0	NA	0	"Região (NORDESTE) - Estado (TODOS) - Município (TODOS)"	"2017"	"TODOS"	"Idosos"	"TODOS"	"TODOS"	"TODOS"	"TODOS"	"TODOS"
"NORDESTE"	23	"CE"	230520	"HIDROLANDIA"	0	NA	0	"Região (NORDESTE) - Estado (TODOS) - Município (TODOS)"	"2017"	"TODOS"	"Idosos"	"TODOS"	"TODOS"	"TODOS"	"TODOS"	"TODOS"
"NORDESTE"	23	"CE"	230523	"HORIZONTE"	0	NA	0	"Região (NORDESTE) - Estado (TODOS) - Município (TODOS)"	"2017"	"TODOS"	"Idosos"	"TODOS"	"TODOS"	"TODOS"	"TODOS"	"TODOS"
"NORDESTE"	23	"CE"	230530	"IBIAPINA"	0	NA	0	"Região (NORDESTE) - Estado (TODOS) - Município (TODOS)"	"2017"	"TODOS"	"Idosos"	"TODOS"	"TODOS"	"TODOS"	"TODOS"	"TODOS"
"NORDESTE"	23	"CE"	230533	"IBICUITINGA"	0	NA	0	"Região (NORDESTE) - Estado (TODOS) - Município (TODOS)"	"2017"	"TODOS"	"Idosos"	"TODOS"	"TODOS"	"TODOS"	"TODOS"	"TODOS"
"NORDESTE"	23	"CE"	230535	"ICAPUI"	0	NA	0	"Região (NORDESTE) - Estado (TODOS) - Município (TODOS)"	"2017"	"TODOS"	"Idosos"	"TODOS"	"TODOS"	"TODOS"	"TODOS"	"TODOS"
"NORDESTE"	23	"CE"	230540	"ICO"	1	100	1	"Região (NORDESTE) - Estado (TODOS) - Município (TODOS)"	"2017"	"TODOS"	"Idosos"	"TODOS"	"TODOS"	"TODOS"	"TODOS"	"TODOS"
"NORDESTE"	23	"CE"	230550	"IGUATU"	1	100	1	"Região (NORDESTE) - Estado (TODOS) - Município (TODOS)"	"2017"	"TODOS"	"Idosos"	"TODOS"	"TODOS"	"TODOS"	"TODOS"	"TODOS"
"NORDESTE"	23	"CE"	230560	"INDEPENDENCIA"	0	NA	0	"Região (NORDESTE) - Estado (TODOS) - Município (TODOS)"	"2017"	"TODOS"	"Idosos"	"TODOS"	"TODOS"	"TODOS"	"TODOS"	"TODOS"
"NORDESTE"	23	"CE"	230565	"IPAPORANGA"	0	NA	0	"Região (NORDESTE) - Estado (TODOS) - Município (TODOS)"	"2017"	"TODOS"	"Idosos"	"TODOS"	"TODOS"	"TODOS"	"TODOS"	"TODOS"
"NORDESTE"	23	"CE"	230580	"IPU"	36	97.3	37	"Região (NORDESTE) - Estado (TODOS) - Município (TODOS)"	"2017"	"TODOS"	"Idosos"	"TODOS"	"TODOS"	"TODOS"	"TODOS"	"TODOS"
"NORDESTE"	23	"CE"	230590	"IPUEIRAS"	95	96.94	98	"Região (NORDESTE) - Estado (TODOS) - Município (TODOS)"	"2017"	"TODOS"	"Idosos"	"TODOS"	"TODOS"	"TODOS"	"TODOS"	"TODOS"
"NORDESTE"	23	"CE"	230600	"IRACEMA"	0	NA	0	"Região (NORDESTE) - Estado (TODOS) - Município (TODOS)"	"2017"	"TODOS"	"Idosos"	"TODOS"	"TODOS"	"TODOS"	"TODOS"	"TODOS"
"NORDESTE"	23	"CE"	230610	"IRAUCUBA"	0	NA	0	"Região (NORDESTE) - Estado (TODOS) - Município (TODOS)"	"2017"	"TODOS"	"Idosos"	"TODOS"	"TODOS"	"TODOS"	"TODOS"	"TODOS"
"NORDESTE"	23	"CE"	230620	"ITAICABA"	1	100	1	"Região (NORDESTE) - Estado (TODOS) - Município (TODOS)"	"2017"	"TODOS"	"Idosos"	"TODOS"	"TODOS"	"TODOS"	"TODOS"	"TODOS"
"NORDESTE"	23	"CE"	230625	"ITAITINGA"	1	100	1	"Região (NORDESTE) - Estado (TODOS) - Município (TODOS)"	"2017"	"TODOS"	"Idosos"	"TODOS"	"TODOS"	"TODOS"	"TODOS"	"TODOS"
"NORDESTE"	23	"CE"	230630	"ITAPAGE"	0	NA	0	"Região (NORDESTE) - Estado (TODOS) - Município (TODOS)"	"2017"	"TODOS"	"Idosos"	"TODOS"	"TODOS"	"TODOS"	"TODOS"	"TODOS"
"NORDESTE"	23	"CE"	230640	"ITAPIPOCA"	0	NA	0	"Região (NORDESTE) - Estado (TODOS) - Município (TODOS)"	"2017"	"TODOS"	"Idosos"	"TODOS"	"TODOS"	"TODOS"	"TODOS"	"TODOS"
"NORDESTE"	23	"CE"	230650	"ITAPIUNA"	0	NA	0	"Região (NORDESTE) - Estado (TODOS) - Município (TODOS)"	"2017"	"TODOS"	"Idosos"	"TODOS"	"TODOS"	"TODOS"	"TODOS"	"TODOS"
"NORDESTE"	23	"CE"	230660	"ITATIRA"	5	100	5	"Região (NORDESTE) - Estado (TODOS) - Município (TODOS)"	"2017"	"TODOS"	"Idosos"	"TODOS"	"TODOS"	"TODOS"	"TODOS"	"TODOS"
"NORDESTE"	23	"CE"	230670	"JAGUARETAMA"	0	NA	0	"Região (NORDESTE) - Estado (TODOS) - Município (TODOS)"	"2017"	"TODOS"	"Idosos"	"TODOS"	"TODOS"	"TODOS"	"TODOS"	"TODOS"
"NORDESTE"	23	"CE"	230680	"JAGUARIBARA"	0	NA	0	"Região (NORDESTE) - Estado (TODOS) - Município (TODOS)"	"2017"	"TODOS"	"Idosos"	"TODOS"	"TODOS"	"TODOS"	"TODOS"	"TODOS"
"NORDESTE"	23	"CE"	230690	"JAGUARIBE"	24	80	30	"Região (NORDESTE) - Estado (TODOS) - Município (TODOS)"	"2017"	"TODOS"	"Idosos"	"TODOS"	"TODOS"	"TODOS"	"TODOS"	"TODOS"
"NORDESTE"	23	"CE"	230700	"JAGUARUANA"	60	95.24	63	"Região (NORDESTE) - Estado (TODOS) - Município (TODOS)"	"2017"	"TODOS"	"Idosos"	"TODOS"	"TODOS"	"TODOS"	"TODOS"	"TODOS"
"NORDESTE"	23	"CE"	230710	"JARDIM"	0	NA	0	"Região (NORDESTE) - Estado (TODOS) - Município (TODOS)"	"2017"	"TODOS"	"Idosos"	"TODOS"	"TODOS"	"TODOS"	"TODOS"	"TODOS"
"NORDESTE"	23	"CE"	230720	"JATI"	0	NA	0	"Região (NORDESTE) - Estado (TODOS) - Município (TODOS)"	"2017"	"TODOS"	"Idosos"	"TODOS"	"TODOS"	"TODOS"	"TODOS"	"TODOS"
"NORDESTE"	23	"CE"	230725	"JIJOCA DE JERICOACOARA"	0	NA	0	"Região (NORDESTE) - Estado (TODOS) - Município (TODOS)"	"2017"	"TODOS"	"Idosos"	"TODOS"	"TODOS"	"TODOS"	"TODOS"	"TODOS"
"NORDESTE"	23	"CE"	230730	"JUAZEIRO DO NORTE"	3	75	4	"Região (NORDESTE) - Estado (TODOS) - Município (TODOS)"	"2017"	"TODOS"	"Idosos"	"TODOS"	"TODOS"	"TODOS"	"TODOS"	"TODOS"
"NORDESTE"	23	"CE"	230740	"JUCAS"	1	100	1	"Região (NORDESTE) - Estado (TODOS) - Município (TODOS)"	"2017"	"TODOS"	"Idosos"	"TODOS"	"TODOS"	"TODOS"	"TODOS"	"TODOS"
"NORDESTE"	23	"CE"	230750	"LAVRAS DA MANGABEIRA"	0	NA	0	"Região (NORDESTE) - Estado (TODOS) - Município (TODOS)"	"2017"	"TODOS"	"Idosos"	"TODOS"	"TODOS"	"TODOS"	"TODOS"	"TODOS"
"NORDESTE"	23	"CE"	230760	"LIMOEIRO DO NORTE"	0	NA	0	"Região (NORDESTE) - Estado (TODOS) - Município (TODOS)"	"2017"	"TODOS"	"Idosos"	"TODOS"	"TODOS"	"TODOS"	"TODOS"	"TODOS"
"NORDESTE"	23	"CE"	230763	"MADALENA"	0	NA	0	"Região (NORDESTE) - Estado (TODOS) - Município (TODOS)"	"2017"	"TODOS"	"Idosos"	"TODOS"	"TODOS"	"TODOS"	"TODOS"	"TODOS"
"NORDESTE"	23	"CE"	230765	"MARACANAU"	0	NA	0	"Região (NORDESTE) - Estado (TODOS) - Município (TODOS)"	"2017"	"TODOS"	"Idosos"	"TODOS"	"TODOS"	"TODOS"	"TODOS"	"TODOS"
"NORDESTE"	23	"CE"	230770	"MARANGUAPE"	0	NA	0	"Região (NORDESTE) - Estado (TODOS) - Município (TODOS)"	"2017"	"TODOS"	"Idosos"	"TODOS"	"TODOS"	"TODOS"	"TODOS"	"TODOS"
"NORDESTE"	23	"CE"	230780	"MARCO"	0	NA	0	"Região (NORDESTE) - Estado (TODOS) - Município (TODOS)"	"2017"	"TODOS"	"Idosos"	"TODOS"	"TODOS"	"TODOS"	"TODOS"	"TODOS"
"NORDESTE"	23	"CE"	230790	"MARTINOPOLE"	0	NA	0	"Região (NORDESTE) - Estado (TODOS) - Município (TODOS)"	"2017"	"TODOS"	"Idosos"	"TODOS"	"TODOS"	"TODOS"	"TODOS"	"TODOS"
"NORDESTE"	23	"CE"	230800	"MASSAPE"	0	NA	0	"Região (NORDESTE) - Estado (TODOS) - Município (TODOS)"	"2017"	"TODOS"	"Idosos"	"TODOS"	"TODOS"	"TODOS"	"TODOS"	"TODOS"
"NORDESTE"	23	"CE"	230810	"MAURITI"	12	80	15	"Região (NORDESTE) - Estado (TODOS) - Município (TODOS)"	"2017"	"TODOS"	"Idosos"	"TODOS"	"TODOS"	"TODOS"	"TODOS"	"TODOS"
"NORDESTE"	23	"CE"	230820	"MERUOCA"	0	NA	0	"Região (NORDESTE) - Estado (TODOS) - Município (TODOS)"	"2017"	"TODOS"	"Idosos"	"TODOS"	"TODOS"	"TODOS"	"TODOS"	"TODOS"
"NORDESTE"	23	"CE"	230830	"MILAGRES"	0	NA	0	"Região (NORDESTE) - Estado (TODOS) - Município (TODOS)"	"2017"	"TODOS"	"Idosos"	"TODOS"	"TODOS"	"TODOS"	"TODOS"	"TODOS"
"NORDESTE"	23	"CE"	230835	"MILHA"	0	NA	0	"Região (NORDESTE) - Estado (TODOS) - Município (TODOS)"	"2017"	"TODOS"	"Idosos"	"TODOS"	"TODOS"	"TODOS"	"TODOS"	"TODOS"
"NORDESTE"	23	"CE"	230837	"MIRAIMA"	0	NA	1	"Região (NORDESTE) - Estado (TODOS) - Município (TODOS)"	"2017"	"TODOS"	"Idosos"	"TODOS"	"TODOS"	"TODOS"	"TODOS"	"TODOS"
"NORDESTE"	23	"CE"	230840	"MISSAO VELHA"	0	NA	0	"Região (NORDESTE) - Estado (TODOS) - Município (TODOS)"	"2017"	"TODOS"	"Idosos"	"TODOS"	"TODOS"	"TODOS"	"TODOS"	"TODOS"
"NORDESTE"	23	"CE"	230850	"MOMBACA"	0	NA	0	"Região (NORDESTE) - Estado (TODOS) - Município (TODOS)"	"2017"	"TODOS"	"Idosos"	"TODOS"	"TODOS"	"TODOS"	"TODOS"	"TODOS"
"NORDESTE"	23	"CE"	230860	"MONSENHOR TABOSA"	2	100	2	"Região (NORDESTE) - Estado (TODOS) - Município (TODOS)"	"2017"	"TODOS"	"Idosos"	"TODOS"	"TODOS"	"TODOS"	"TODOS"	"TODOS"
"NORDESTE"	23	"CE"	230870	"MORADA NOVA"	5	71.43	7	"Região (NORDESTE) - Estado (TODOS) - Município (TODOS)"	"2017"	"TODOS"	"Idosos"	"TODOS"	"TODOS"	"TODOS"	"TODOS"	"TODOS"
"NORDESTE"	23	"CE"	230890	"MORRINHOS"	0	NA	0	"Região (NORDESTE) - Estado (TODOS) - Município (TODOS)"	"2017"	"TODOS"	"Idosos"	"TODOS"	"TODOS"	"TODOS"	"TODOS"	"TODOS"
"NORDESTE"	23	"CE"	230900	"MUCAMBO"	0	NA	1	"Região (NORDESTE) - Estado (TODOS) - Município (TODOS)"	"2017"	"TODOS"	"Idosos"	"TODOS"	"TODOS"	"TODOS"	"TODOS"	"TODOS"
"NORDESTE"	23	"CE"	230910	"MULUNGU"	0	NA	0	"Região (NORDESTE) - Estado (TODOS) - Município (TODOS)"	"2017"	"TODOS"	"Idosos"	"TODOS"	"TODOS"	"TODOS"	"TODOS"	"TODOS"
"NORDESTE"	23	"CE"	230920	"NOVA OLINDA"	0	NA	0	"Região (NORDESTE) - Estado (TODOS) - Município (TODOS)"	"2017"	"TODOS"	"Idosos"	"TODOS"	"TODOS"	"TODOS"	"TODOS"	"TODOS"
"NORDESTE"	23	"CE"	230930	"NOVA RUSSAS"	0	NA	0	"Região (NORDESTE) - Estado (TODOS) - Município (TODOS)"	"2017"	"TODOS"	"Idosos"	"TODOS"	"TODOS"	"TODOS"	"TODOS"	"TODOS"
"NORDESTE"	23	"CE"	230940	"NOVO ORIENTE"	0	NA	0	"Região (NORDESTE) - Estado (TODOS) - Município (TODOS)"	"2017"	"TODOS"	"Idosos"	"TODOS"	"TODOS"	"TODOS"	"TODOS"	"TODOS"
"NORDESTE"	23	"CE"	230950	"OROS"	0	NA	0	"Região (NORDESTE) - Estado (TODOS) - Município (TODOS)"	"2017"	"TODOS"	"Idosos"	"TODOS"	"TODOS"	"TODOS"	"TODOS"	"TODOS"
"NORDESTE"	23	"CE"	230960	"PACAJUS"	0	NA	0	"Região (NORDESTE) - Estado (TODOS) - Município (TODOS)"	"2017"	"TODOS"	"Idosos"	"TODOS"	"TODOS"	"TODOS"	"TODOS"	"TODOS"
"NORDESTE"	23	"CE"	230970	"PACATUBA"	0	NA	0	"Região (NORDESTE) - Estado (TODOS) - Município (TODOS)"	"2017"	"TODOS"	"Idosos"	"TODOS"	"TODOS"	"TODOS"	"TODOS"	"TODOS"
"NORDESTE"	23	"CE"	230980	"PACOTI"	2	100	2	"Região (NORDESTE) - Estado (TODOS) - Município (TODOS)"	"2017"	"TODOS"	"Idosos"	"TODOS"	"TODOS"	"TODOS"	"TODOS"	"TODOS"
"NORDESTE"	23	"CE"	230990	"PACUJA"	0	NA	0	"Região (NORDESTE) - Estado (TODOS) - Município (TODOS)"	"2017"	"TODOS"	"Idosos"	"TODOS"	"TODOS"	"TODOS"	"TODOS"	"TODOS"
"NORDESTE"	23	"CE"	231000	"PALHANO"	0	NA	0	"Região (NORDESTE) - Estado (TODOS) - Município (TODOS)"	"2017"	"TODOS"	"Idosos"	"TODOS"	"TODOS"	"TODOS"	"TODOS"	"TODOS"
"NORDESTE"	23	"CE"	231010	"PALMACIA"	0	NA	0	"Região (NORDESTE) - Estado (TODOS) - Município (TODOS)"	"2017"	"TODOS"	"Idosos"	"TODOS"	"TODOS"	"TODOS"	"TODOS"	"TODOS"
"NORDESTE"	23	"CE"	231020	"PARACURU"	0	NA	0	"Região (NORDESTE) - Estado (TODOS) - Município (TODOS)"	"2017"	"TODOS"	"Idosos"	"TODOS"	"TODOS"	"TODOS"	"TODOS"	"TODOS"
"NORDESTE"	23	"CE"	231030	"PARAMBU"	7	77.78	9	"Região (NORDESTE) - Estado (TODOS) - Município (TODOS)"	"2017"	"TODOS"	"Idosos"	"TODOS"	"TODOS"	"TODOS"	"TODOS"	"TODOS"
"NORDESTE"	23	"CE"	231040	"PARAMOTI"	0	NA	0	"Região (NORDESTE) - Estado (TODOS) - Município (TODOS)"	"2017"	"TODOS"	"Idosos"	"TODOS"	"TODOS"	"TODOS"	"TODOS"	"TODOS"
"NORDESTE"	23	"CE"	231050	"PEDRA BRANCA"	0	NA	0	"Região (NORDESTE) - Estado (TODOS) - Município (TODOS)"	"2017"	"TODOS"	"Idosos"	"TODOS"	"TODOS"	"TODOS"	"TODOS"	"TODOS"
"NORDESTE"	23	"CE"	231070	"PENTECOSTE"	7	70	10	"Região (NORDESTE) - Estado (TODOS) - Município (TODOS)"	"2017"	"TODOS"	"Idosos"	"TODOS"	"TODOS"	"TODOS"	"TODOS"	"TODOS"
"NORDESTE"	23	"CE"	231080	"PEREIRO"	0	NA	0	"Região (NORDESTE) - Estado (TODOS) - Município (TODOS)"	"2017"	"TODOS"	"Idosos"	"TODOS"	"TODOS"	"TODOS"	"TODOS"	"TODOS"
"NORDESTE"	23	"CE"	231085	"PINDORETAMA"	0	NA	0	"Região (NORDESTE) - Estado (TODOS) - Município (TODOS)"	"2017"	"TODOS"	"Idosos"	"TODOS"	"TODOS"	"TODOS"	"TODOS"	"TODOS"
"NORDESTE"	23	"CE"	231090	"PIQUET CARNEIRO"	21	91.3	23	"Região (NORDESTE) - Estado (TODOS) - Município (TODOS)"	"2017"	"TODOS"	"Idosos"	"TODOS"	"TODOS"	"TODOS"	"TODOS"	"TODOS"
"NORDESTE"	23	"CE"	231095	"PIRES FERREIRA"	10	100	10	"Região (NORDESTE) - Estado (TODOS) - Município (TODOS)"	"2017"	"TODOS"	"Idosos"	"TODOS"	"TODOS"	"TODOS"	"TODOS"	"TODOS"
"NORDESTE"	23	"CE"	231110	"PORTEIRAS"	0	NA	0	"Região (NORDESTE) - Estado (TODOS) - Município (TODOS)"	"2017"	"TODOS"	"Idosos"	"TODOS"	"TODOS"	"TODOS"	"TODOS"	"TODOS"
"NORDESTE"	23	"CE"	231120	"POTENGI"	0	NA	0	"Região (NORDESTE) - Estado (TODOS) - Município (TODOS)"	"2017"	"TODOS"	"Idosos"	"TODOS"	"TODOS"	"TODOS"	"TODOS"	"TODOS"
"NORDESTE"	23	"CE"	231123	"POTIRETAMA"	0	NA	0	"Região (NORDESTE) - Estado (TODOS) - Município (TODOS)"	"2017"	"TODOS"	"Idosos"	"TODOS"	"TODOS"	"TODOS"	"TODOS"	"TODOS"
"NORDESTE"	23	"CE"	231126	"QUITERIANOPOLIS"	0	NA	0	"Região (NORDESTE) - Estado (TODOS) - Município (TODOS)"	"2017"	"TODOS"	"Idosos"	"TODOS"	"TODOS"	"TODOS"	"TODOS"	"TODOS"
"NORDESTE"	23	"CE"	231130	"QUIXADA"	1	100	1	"Região (NORDESTE) - Estado (TODOS) - Município (TODOS)"	"2017"	"TODOS"	"Idosos"	"TODOS"	"TODOS"	"TODOS"	"TODOS"	"TODOS"
"NORDESTE"	23	"CE"	231135	"QUIXELO"	25	69.44	36	"Região (NORDESTE) - Estado (TODOS) - Município (TODOS)"	"2017"	"TODOS"	"Idosos"	"TODOS"	"TODOS"	"TODOS"	"TODOS"	"TODOS"
"NORDESTE"	23	"CE"	231140	"QUIXERAMOBIM"	2	100	2	"Região (NORDESTE) - Estado (TODOS) - Município (TODOS)"	"2017"	"TODOS"	"Idosos"	"TODOS"	"TODOS"	"TODOS"	"TODOS"	"TODOS"
"NORDESTE"	23	"CE"	231150	"QUIXERE"	2	66.67	3	"Região (NORDESTE) - Estado (TODOS) - Município (TODOS)"	"2017"	"TODOS"	"Idosos"	"TODOS"	"TODOS"	"TODOS"	"TODOS"	"TODOS"
"NORDESTE"	23	"CE"	231160	"REDENCAO"	0	NA	0	"Região (NORDESTE) - Estado (TODOS) - Município (TODOS)"	"2017"	"TODOS"	"Idosos"	"TODOS"	"TODOS"	"TODOS"	"TODOS"	"TODOS"
"NORDESTE"	23	"CE"	231170	"RERIUTABA"	4	100	4	"Região (NORDESTE) - Estado (TODOS) - Município (TODOS)"	"2017"	"TODOS"	"Idosos"	"TODOS"	"TODOS"	"TODOS"	"TODOS"	"TODOS"
"NORDESTE"	23	"CE"	231180	"RUSSAS"	0	NA	0	"Região (NORDESTE) - Estado (TODOS) - Município (TODOS)"	"2017"	"TODOS"	"Idosos"	"TODOS"	"TODOS"	"TODOS"	"TODOS"	"TODOS"
"NORDESTE"	23	"CE"	231190	"SABOEIRO"	0	NA	0	"Região (NORDESTE) - Estado (TODOS) - Município (TODOS)"	"2017"	"TODOS"	"Idosos"	"TODOS"	"TODOS"	"TODOS"	"TODOS"	"TODOS"
"NORDESTE"	23	"CE"	231195	"SALITRE"	0	NA	0	"Região (NORDESTE) - Estado (TODOS) - Município (TODOS)"	"2017"	"TODOS"	"Idosos"	"TODOS"	"TODOS"	"TODOS"	"TODOS"	"TODOS"
"NORDESTE"	23	"CE"	231220	"SANTA QUITERIA"	0	NA	0	"Região (NORDESTE) - Estado (TODOS) - Município (TODOS)"	"2017"	"TODOS"	"Idosos"	"TODOS"	"TODOS"	"TODOS"	"TODOS"	"TODOS"
"NORDESTE"	23	"CE"	231210	"SANTANA DO CARIRI"	0	NA	0	"Região (NORDESTE) - Estado (TODOS) - Município (TODOS)"	"2017"	"TODOS"	"Idosos"	"TODOS"	"TODOS"	"TODOS"	"TODOS"	"TODOS"
"NORDESTE"	23	"CE"	231230	"SAO BENEDITO"	0	NA	0	"Região (NORDESTE) - Estado (TODOS) - Município (TODOS)"	"2017"	"TODOS"	"Idosos"	"TODOS"	"TODOS"	"TODOS"	"TODOS"	"TODOS"
"NORDESTE"	23	"CE"	231240	"SAO GONCALO DO AMARANTE"	0	NA	0	"Região (NORDESTE) - Estado (TODOS) - Município (TODOS)"	"2017"	"TODOS"	"Idosos"	"TODOS"	"TODOS"	"TODOS"	"TODOS"	"TODOS"
"NORDESTE"	23	"CE"	231250	"SAO JOAO DO JAGUARIBE"	0	NA	0	"Região (NORDESTE) - Estado (TODOS) - Município (TODOS)"	"2017"	"TODOS"	"Idosos"	"TODOS"	"TODOS"	"TODOS"	"TODOS"	"TODOS"
"NORDESTE"	23	"CE"	231260	"SAO LUIS DO CURU"	0	NA	0	"Região (NORDESTE) - Estado (TODOS) - Município (TODOS)"	"2017"	"TODOS"	"Idosos"	"TODOS"	"TODOS"	"TODOS"	"TODOS"	"TODOS"
"NORDESTE"	23	"CE"	231270	"SENADOR POMPEU"	0	NA	0	"Região (NORDESTE) - Estado (TODOS) - Município (TODOS)"	"2017"	"TODOS"	"Idosos"	"TODOS"	"TODOS"	"TODOS"	"TODOS"	"TODOS"
"NORDESTE"	23	"CE"	231290	"SOBRAL"	8	80	10	"Região (NORDESTE) - Estado (TODOS) - Município (TODOS)"	"2017"	"TODOS"	"Idosos"	"TODOS"	"TODOS"	"TODOS"	"TODOS"	"TODOS"
"NORDESTE"	23	"CE"	231300	"SOLONOPOLE"	0	NA	0	"Região (NORDESTE) - Estado (TODOS) - Município (TODOS)"	"2017"	"TODOS"	"Idosos"	"TODOS"	"TODOS"	"TODOS"	"TODOS"	"TODOS"
"NORDESTE"	23	"CE"	231310	"TABULEIRO DO NORTE"	29	93.55	31	"Região (NORDESTE) - Estado (TODOS) - Município (TODOS)"	"2017"	"TODOS"	"Idosos"	"TODOS"	"TODOS"	"TODOS"	"TODOS"	"TODOS"
"NORDESTE"	23	"CE"	231320	"TAMBORIL"	33	94.29	35	"Região (NORDESTE) - Estado (TODOS) - Município (TODOS)"	"2017"	"TODOS"	"Idosos"	"TODOS"	"TODOS"	"TODOS"	"TODOS"	"TODOS"
"NORDESTE"	23	"CE"	231325	"TARRAFAS"	0	NA	0	"Região (NORDESTE) - Estado (TODOS) - Município (TODOS)"	"2017"	"TODOS"	"Idosos"	"TODOS"	"TODOS"	"TODOS"	"TODOS"	"TODOS"
"NORDESTE"	23	"CE"	231330	"TAUA"	0	NA	0	"Região (NORDESTE) - Estado (TODOS) - Município (TODOS)"	"2017"	"TODOS"	"Idosos"	"TODOS"	"TODOS"	"TODOS"	"TODOS"	"TODOS"
"NORDESTE"	23	"CE"	231335	"TEJUCUOCA"	0	NA	0	"Região (NORDESTE) - Estado (TODOS) - Município (TODOS)"	"2017"	"TODOS"	"Idosos"	"TODOS"	"TODOS"	"TODOS"	"TODOS"	"TODOS"
"NORDESTE"	23	"CE"	231340	"TIANGUA"	0	NA	0	"Região (NORDESTE) - Estado (TODOS) - Município (TODOS)"	"2017"	"TODOS"	"Idosos"	"TODOS"	"TODOS"	"TODOS"	"TODOS"	"TODOS"
"NORDESTE"	23	"CE"	231350	"TRAIRI"	0	NA	0	"Região (NORDESTE) - Estado (TODOS) - Município (TODOS)"	"2017"	"TODOS"	"Idosos"	"TODOS"	"TODOS"	"TODOS"	"TODOS"	"TODOS"
"NORDESTE"	23	"CE"	231355	"TURURU"	0	NA	0	"Região (NORDESTE) - Estado (TODOS) - Município (TODOS)"	"2017"	"TODOS"	"Idosos"	"TODOS"	"TODOS"	"TODOS"	"TODOS"	"TODOS"
"NORDESTE"	23	"CE"	231360	"UBAJARA"	0	NA	0	"Região (NORDESTE) - Estado (TODOS) - Município (TODOS)"	"2017"	"TODOS"	"Idosos"	"TODOS"	"TODOS"	"TODOS"	"TODOS"	"TODOS"
"NORDESTE"	23	"CE"	231390	"URUOCA"	0	NA	0	"Região (NORDESTE) - Estado (TODOS) - Município (TODOS)"	"2017"	"TODOS"	"Idosos"	"TODOS"	"TODOS"	"TODOS"	"TODOS"	"TODOS"
"NORDESTE"	23	"CE"	231395	"VARJOTA"	0	NA	0	"Região (NORDESTE) - Estado (TODOS) - Município (TODOS)"	"2017"	"TODOS"	"Idosos"	"TODOS"	"TODOS"	"TODOS"	"TODOS"	"TODOS"
"NORDESTE"	23	"CE"	231400	"VARZEA ALEGRE"	0	NA	0	"Região (NORDESTE) - Estado (TODOS) - Município (TODOS)"	"2017"	"TODOS"	"Idosos"	"TODOS"	"TODOS"	"TODOS"	"TODOS"	"TODOS"
"NORDESTE"	23	"CE"	231410	"VICOSA DO CEARA"	6	100	6	"Região (NORDESTE) - Estado (TODOS) - Município (TODOS)"	"2017"	"TODOS"	"Idosos"	"TODOS"	"TODOS"	"TODOS"	"TODOS"	"TODOS"
